last_name, first_name,player_id,year,player_age,p_win,p_loss,p_era,xba,xslg,xwoba,xobp,xiso,exit_velocity_avg,launch_angle_avg,barrel_batted_rate,
Colon, Bartolo,112526,2015,42,14,13,4.16,.268,.427,.314,.294,.159,88.9,11.8,5.4,
Burnett, A.J.,150359,2015,38,9,7,3.18,.261,.406,.323,.326,.145,89.8,5.6,4.8,
Hudson, Tim,218596,2015,39,8,9,4.44,.290,.428,.347,.354,.138,90.3,4.5,4.8,
Buehrle, Mark,279824,2015,36,15,8,3.81,.285,.457,.335,.319,.171,87,11.7,4.9,
Sabathia, CC,282332,2015,34,6,10,4.73,.253,.378,.304,.311,.125,87.8,10.7,4.1,
Vogelsong, Ryan,285064,2015,37,9,11,4.67,.271,.454,.350,.346,.183,88.7,12.3,8.2,
Dickey, R.A.,285079,2015,40,11,11,3.91,.254,.398,.314,.314,.144,87.4,12.5,4.4,
Lohse, Kyle,346798,2015,36,5,13,5.85,.287,.482,.357,.340,.195,88.1,13.4,7.5,
Lackey, John,407793,2015,36,13,10,2.77,.244,.382,.295,.293,.137,88.3,11.6,5.6,
De La Rosa, Jorge,407822,2015,34,9,7,4.17,.237,.374,.310,.322,.137,86.6,6.1,4.6,
Lewis, Colby,407890,2015,35,17,9,4.66,.267,.447,.329,.312,.181,89.4,18.2,6.8,
Harang, Aaron,421685,2015,37,6,15,4.86,.268,.467,.345,.326,.199,90.2,16.6,7,
Guthrie, Jeremy,425386,2015,36,8,8,5.95,.302,.497,.371,.357,.196,89,15.5,6.5,
Williams, Jerome,425532,2015,33,4,12,5.80,.307,.505,.372,.356,.198,88.9,9.1,6.6,
Greinke, Zack,425844,2015,31,19,3,1.66,.211,.318,.255,.255,.107,87.3,9.8,4,
Haren, Dan,429717,2015,34,11,9,3.60,.249,.424,.312,.294,.175,88.2,20.8,6.4,
Simon, Alfredo,430580,2015,34,13,12,5.05,.273,.457,.352,.343,.184,89.7,12.6,6.1,
Hamels, Cole,430935,2015,31,13,8,3.65,.231,.352,.288,.295,.121,87.7,9.7,4.4,
Kazmir, Scott,431148,2015,31,7,11,3.10,.247,.396,.317,.316,.149,87.4,12.5,5.2,
Danks, John,433579,2015,30,7,15,4.71,.249,.402,.312,.308,.153,87.3,16,5.1,
Hernandez, Felix,433587,2015,29,18,9,3.53,.234,.352,.291,.297,.119,88.7,5.5,4.2,
Verlander, Justin,434378,2015,32,5,8,3.38,.218,.319,.261,.267,.102,87.1,20.1,4.1,
Liriano, Francisco,434538,2015,31,12,7,3.38,.228,.342,.291,.304,.115,85.8,6.5,4.3,
Jimenez, Ubaldo,434622,2015,31,12,10,4.11,.241,.362,.305,.317,.121,87.8,10,4.2,
Hammel, Jason,434628,2015,32,10,7,3.74,.254,.421,.315,.302,.168,88.8,13.3,7.1,
Sanchez, Anibal,434671,2015,31,10,10,4.99,.241,.387,.304,.300,.145,87.6,14.7,6.1,
Chavez, Jesse,445926,2015,31,7,15,4.18,.258,.405,.318,.316,.147,88.5,12.5,5.3,
Kluber, Corey,446372,2015,29,9,16,3.49,.228,.367,.284,.278,.139,87.9,11.5,5.6,
Shields, James,448306,2015,33,13,7,3.91,.232,.381,.308,.313,.149,89.1,10.9,5.6,
Garcia, Jaime,448802,2015,28,10,6,2.43,.234,.335,.279,.285,.101,87.4,1.9,3.7,
Volquez, Edinson,450172,2015,31,13,9,3.55,.260,.412,.329,.329,.153,88.5,10.3,5.9,
Morton, Charlie,450203,2015,31,9,9,4.81,.263,.394,.321,.334,.131,89.2,4.1,4.3,
Weaver, Jered,450308,2015,32,7,12,4.64,.241,.414,.309,.294,.173,86.9,18.8,6.2,
Wilson, C.J.,450351,2015,34,8,8,3.89,.261,.409,.329,.336,.148,90.1,11.8,5.2,
Gallardo, Yovani,451596,2015,29,13,11,3.42,.272,.389,.323,.337,.116,88.2,8.9,2.8,
Lester, Jon,452657,2015,31,11,12,3.34,.225,.343,.277,.277,.118,87.1,9.5,4.4,
Kendrick, Kyle,452718,2015,30,7,13,6.32,.281,.487,.360,.343,.206,89.3,13.2,6.2,
Kennedy, Ian,453178,2015,30,9,15,4.28,.251,.440,.327,.313,.189,89.5,14.7,8.3,
Scherzer, Max,453286,2015,30,14,12,2.79,.202,.340,.253,.238,.137,87.1,17.1,5.8,
Arrieta, Jake,453562,2015,29,22,6,1.77,.202,.281,.241,.253,.079,85.1,4.4,2.2,
Price, David,456034,2015,29,18,5,2.45,.230,.355,.279,.275,.125,87.4,12.7,4.6,
Gonzalez, Miguel,456068,2015,31,9,12,4.91,.264,.427,.336,.335,.162,89.1,14.1,5.7,
Cueto, Johnny,456501,2015,29,11,13,3.44,.243,.389,.300,.292,.146,86.7,13.2,4.9,
Happ, J.A.,457918,2015,32,11,8,3.61,.254,.387,.304,.304,.133,89.4,12.9,4.6,
Lynn, Lance,458681,2015,28,12,11,3.03,.234,.372,.303,.313,.138,88.9,11.9,4.9,
Pelfrey, Mike,460059,2015,31,6,11,4.26,.294,.433,.348,.351,.139,88.3,7,4.6,
Gonzalez, Gio,461829,2015,29,11,8,3.79,.240,.368,.303,.313,.128,88.1,6.4,4.8,
Hughes, Phil,461833,2015,29,11,9,4.40,.302,.523,.365,.322,.221,89.8,15.7,7.6,
Estrada, Marco,462136,2015,31,13,8,3.13,.218,.372,.288,.283,.155,87.8,20.4,5.3,
Carrasco, Carlos,471911,2015,28,14,12,3.63,.213,.329,.265,.266,.116,88.7,6.9,4.5,
Anderson, Brett,474463,2015,27,10,9,3.69,.241,.370,.293,.291,.129,88.3,-2.1,4.1,
Ross, Tyson,475115,2015,28,10,12,3.26,.212,.304,.277,.301,.091,87.4,1.9,3.3,
Hellickson, Jeremy,476451,2015,28,9,12,4.62,.267,.460,.341,.325,.193,90.1,11.8,8.2,
Warren, Adam,476589,2015,27,7,7,3.29,.241,.356,.296,.307,.115,87.5,10.8,3.1,
Niese, Jonathon,477003,2015,28,9,10,4.13,.262,.396,.319,.325,.133,88.4,5.2,4.4,
Kershaw, Clayton,477132,2015,27,16,7,2.13,.191,.273,.228,.235,.082,85.6,8.8,3.3,
Cashner, Andrew,488768,2015,28,6,16,4.34,.244,.375,.307,.313,.132,88.8,9.2,5.1,
Miley, Wade,489119,2015,28,11,11,4.46,.252,.390,.311,.313,.138,87.4,7.9,4.5,
Garza, Matt,490063,2015,31,6,14,5.63,.271,.424,.335,.338,.153,88,11.3,4.8,
Quintana, Jose,500779,2015,26,9,10,3.36,.263,.396,.308,.307,.133,88,9.7,4.3,
Pineda, Michael,501381,2015,26,12,10,4.37,.242,.383,.287,.270,.141,87.9,8.1,5.7,
Tillman, Chris,501957,2015,27,11,11,4.99,.257,.411,.326,.326,.154,89.6,12.9,5.1,
Karns, Nate,501992,2015,27,7,5,3.67,.243,.402,.318,.318,.159,88.9,13.6,7,
Archer, Chris,502042,2015,26,12,13,3.23,.223,.347,.281,.285,.124,89.6,10.9,4.6,
Gibson, Kyle,502043,2015,27,11,11,3.84,.252,.390,.311,.318,.138,88.3,6.2,5,
Locke, Jeff,502046,2015,27,8,11,4.49,.250,.368,.306,.319,.117,87.4,6.1,3.5,
Samardzija, Jeff,502188,2015,30,11,13,4.96,.263,.413,.323,.314,.149,88.1,14.5,5.1,
Leake, Mike,502190,2015,27,11,10,3.70,.274,.432,.330,.325,.158,88.8,6.9,5.3,
Santiago, Hector,502327,2015,27,9,9,3.59,.224,.408,.313,.306,.184,88.9,22.5,7.9,
Anderson, Chase,502624,2015,27,6,6,4.30,.252,.386,.309,.309,.134,88.4,13.2,5.2,
Salazar, Danny,517593,2015,25,14,10,3.45,.234,.389,.302,.294,.155,89.6,11.4,6.4,
Bettis, Chad,518452,2015,26,8,6,4.23,.251,.401,.319,.320,.150,88.2,7.9,5.8,
Bumgarner, Madison,518516,2015,25,18,9,2.93,.227,.357,.277,.270,.129,87.5,12.5,4.8,
Duffy, Danny,518633,2015,26,7,8,4.08,.254,.399,.329,.337,.145,88.8,15.1,4.5,
Harvey, Matt,518774,2015,26,13,8,2.71,.207,.317,.253,.252,.110,87.9,10.9,3.4,
Heston, Chris,518790,2015,27,12,11,3.95,.248,.393,.321,.327,.145,88.5,5.9,4.9,
Nelson, Jimmy,519076,2015,26,11,13,4.11,.232,.362,.306,.316,.130,87,7.3,4.8,
Porcello, Rick,519144,2015,26,9,15,4.92,.266,.430,.327,.314,.164,88.9,9.2,5.6,
Sale, Chris,519242,2015,26,13,11,3.41,.209,.321,.260,.261,.112,85.9,12.9,4,
Zimmermann, Jordan,519455,2015,29,13,10,3.66,.257,.406,.308,.299,.150,87.4,12.5,4.2,
Kelly, Joe,523260,2015,27,10,6,4.82,.271,.416,.333,.339,.145,89.3,9,4.3,
De La Rosa, Rubby,523989,2015,26,14,9,4.67,.248,.397,.312,.310,.149,88.5,9.4,6.1,
Teheran, Julio,527054,2015,24,11,8,4.04,.265,.422,.336,.339,.157,89.1,13.9,5.1,
Shoemaker, Matt,533167,2015,28,7,10,4.46,.236,.410,.304,.289,.174,87.7,14.5,6,
Ramirez, Erasmo,541640,2015,25,11,6,3.75,.251,.383,.307,.308,.132,88.5,10.2,4.9,
Cole, Gerrit,543037,2015,24,19,8,2.60,.241,.370,.294,.291,.129,88.2,8.7,4.3,
DeSclafani, Anthony,543101,2015,25,9,13,4.05,.251,.390,.308,.311,.139,88.5,11.8,4.9,
Eovaldi, Nathan,543135,2015,25,14,3,4.20,.257,.379,.311,.316,.121,88.5,5.6,5,
Gray, Sonny,543243,2015,25,14,7,2.73,.235,.362,.290,.290,.127,88.9,7.7,4.5,
Hendricks, Kyle,543294,2015,25,8,7,3.95,.245,.360,.294,.299,.115,88,7.2,3.5,
Koehler, Tom,543408,2015,29,11,14,4.08,.247,.409,.323,.325,.162,89.7,11,5.7,
McHugh, Collin,543521,2015,28,19,7,3.89,.233,.353,.287,.290,.120,86.1,12.1,3.5,
Milone, Tommy,543548,2015,28,9,5,3.92,.255,.416,.319,.309,.160,87,14.2,5.3,
Odorizzi, Jake,543606,2015,25,9,9,3.35,.243,.418,.314,.297,.175,88.5,14.8,6.2,
Rusin, Chris,543734,2015,28,6,10,5.33,.281,.437,.336,.335,.156,88.1,6.9,5.6,
Strasburg, Stephen,544931,2015,26,11,7,3.46,.222,.350,.272,.265,.129,88.5,12.4,4.4,
Bauer, Trevor,545333,2015,24,11,12,4.55,.229,.376,.310,.318,.147,88.1,15.9,5.9,
Lorenzen, Michael,547179,2015,23,4,9,5.40,.292,.463,.368,.380,.171,89,9.9,5.4,
Iwakuma, Hisashi,547874,2015,34,9,5,3.54,.260,.412,.309,.293,.152,88.5,8.8,5.5,
Tanaka, Masahiro,547888,2015,26,12,7,3.51,.246,.439,.310,.279,.193,89.3,9.9,7.7,
Perez, Williams,554234,2015,24,7,6,4.78,.273,.427,.350,.359,.154,90.1,7.4,5.5,
Ventura, Yordano,570649,2015,24,13,8,4.08,.240,.382,.313,.316,.142,89.1,5.4,5.3,
Fiers, Mike,571666,2015,30,7,10,3.69,.230,.388,.304,.303,.158,87.9,15.7,5.9,
Hutchison, Drew,571800,2015,24,13,5,5.57,.271,.452,.347,.335,.181,88.5,12.8,6.3,
Miller, Shelby,571946,2015,24,6,17,3.02,.226,.338,.285,.300,.112,87.2,10.3,3.6,
Richards, Garrett,572070,2015,27,15,12,3.65,.226,.353,.294,.299,.128,87.3,5.3,4.9,
Keuchel, Dallas,572971,2015,27,20,8,2.48,.224,.319,.264,.270,.095,85.7,1.1,3.3,
Ray, Robbie,592662,2015,23,5,12,3.52,.243,.370,.308,.323,.128,89.7,12.3,5.4,
Syndergaard, Noah,592789,2015,22,9,7,3.24,.212,.332,.260,.257,.120,86.2,11,5,
Walker, Taijuan,592836,2015,22,11,8,4.56,.251,.428,.318,.301,.177,89.4,13.9,7.6,
Martinez, Carlos,593372,2015,23,14,7,3.01,.229,.344,.290,.304,.115,87.2,5.8,4.6,
Rodriguez, Eduardo,593958,2015,22,10,6,3.85,.265,.406,.321,.323,.141,87.5,11.7,5.2,
deGrom, Jacob,594798,2015,27,14,8,2.54,.214,.323,.260,.259,.108,87.4,12,4,
Rodon, Carlos,607074,2015,22,9,6,3.75,.243,.378,.327,.345,.135,89.1,8.7,4.9,
Martinez, Nick,607259,2015,24,7,7,3.96,.286,.450,.359,.363,.164,88.8,10.8,5.5,
Wacha, Michael,608379,2015,23,17,7,3.38,.240,.374,.301,.307,.133,87.6,10.4,4.8,
Graveman, Kendall,608665,2015,24,6,9,4.05,.287,.444,.351,.349,.158,89.5,8.4,5.8,
Chen, Wei-Yin,612672,2015,29,11,8,3.34,.246,.400,.304,.291,.154,87.2,15.1,5.9,
McCullers Jr., Lance,621121,2015,21,6,7,3.22,.232,.376,.300,.302,.144,88.5,9.5,6.7,
Wood, Alex,622072,2015,24,12,12,3.84,.266,.398,.319,.325,.133,88.2,8,4.3,
Despaigne, Odrisamer,628333,2015,28,5,9,5.80,.280,.428,.337,.338,.148,87.2,6.6,5,
Colon, Bartolo,112526,2016,43,15,8,3.43,.273,.434,.318,.306,.161,90,12.2,5.3,
Sabathia, CC,282332,2016,35,9,12,3.91,.222,.353,.289,.298,.131,85.1,9.7,4.4,
Dickey, R.A.,285079,2016,41,10,15,4.46,.275,.468,.350,.344,.193,87.6,12.8,7.3,
Lackey, John,407793,2016,37,11,8,3.35,.247,.412,.316,.313,.165,89.7,14.5,5.9,
De La Rosa, Jorge,407822,2016,35,8,9,5.51,.273,.450,.351,.359,.177,88.9,10.1,6.4,
Peavy, Jake,408241,2016,35,5,9,5.54,.263,.488,.343,.318,.225,89.8,18.4,9.2,
Wainwright, Adam,425794,2016,34,13,9,4.62,.275,.427,.329,.331,.152,86.9,11.1,5.9,
Greinke, Zack,425844,2016,32,13,7,4.37,.257,.437,.317,.303,.180,87.9,10.9,6.9,
Santana, Ervin,429722,2016,33,7,11,3.38,.253,.412,.313,.312,.158,88.3,13.1,5.9,
Hamels, Cole,430935,2016,32,15,5,3.32,.244,.395,.315,.321,.151,87.6,8,6,
Kazmir, Scott,431148,2016,32,10,6,4.56,.242,.396,.312,.320,.154,85.9,13.9,5.3,
Hernandez, Felix,433587,2016,30,11,8,3.82,.270,.431,.345,.357,.161,88.9,8.6,5.9,
Verlander, Justin,434378,2016,33,16,9,3.04,.206,.363,.274,.264,.157,87.9,19.5,7.5,
Liriano, Francisco,434538,2016,32,8,13,4.69,.235,.386,.320,.335,.151,88.4,6.4,6.4,
Jimenez, Ubaldo,434622,2016,32,8,12,5.44,.242,.383,.318,.333,.140,88.5,10,5,
Hammel, Jason,434628,2016,33,15,10,3.83,.249,.434,.325,.316,.185,90,12.4,7.2,
Sanchez, Anibal,434671,2016,32,7,13,5.87,.255,.428,.325,.320,.173,88.6,16.3,6.1,
Nolasco, Ricky,445060,2016,33,8,14,4.42,.262,.433,.318,.306,.171,88.7,11.6,6.4,
Kluber, Corey,446372,2016,30,18,9,3.14,.223,.363,.282,.281,.140,86.7,12,6,
Shields, James,448306,2016,34,6,19,5.85,.277,.481,.359,.356,.203,88.7,12.9,8.4,
Garcia, Jaime,448802,2016,29,10,13,4.67,.250,.399,.310,.315,.149,88.7,4.5,5.7,
Volquez, Edinson,450172,2016,32,10,11,5.37,.274,.454,.347,.346,.180,88.9,7.4,6.3,
Weaver, Jered,450308,2016,33,12,12,5.06,.281,.496,.352,.332,.215,88.2,21.1,7.4,
Fister, Doug,450729,2016,32,12,13,4.64,.268,.429,.331,.333,.161,87.5,10.7,4.5,
Gallardo, Yovani,451596,2016,30,6,8,5.42,.258,.414,.331,.345,.156,89,13.3,5.3,
Lester, Jon,452657,2016,32,19,5,2.44,.220,.340,.272,.278,.120,87.4,11.6,4.1,
Kennedy, Ian,453178,2016,31,11,11,3.68,.239,.433,.323,.313,.193,89.3,19.3,7.7,
Wright, Steven,453214,2016,31,13,6,3.33,.220,.330,.281,.300,.111,86.9,10.5,3,
Scherzer, Max,453286,2016,31,20,7,2.96,.197,.335,.259,.254,.138,87.2,19.4,6.1,
Buchholz, Clay,453329,2016,31,8,10,4.78,.251,.421,.328,.329,.170,88.2,16.2,6.7,
Arrieta, Jake,453562,2016,30,18,8,3.10,.226,.350,.291,.307,.124,86.7,6.5,4.8,
Price, David,456034,2016,30,17,9,3.99,.241,.400,.298,.287,.159,87.8,11.5,6.3,
Gonzalez, Miguel,456068,2016,32,5,8,3.73,.259,.397,.309,.313,.137,87.6,14.4,4,
Griffin, A.J.,456167,2016,28,7,4,5.07,.264,.480,.353,.341,.216,89.2,21.1,8.6,
Cueto, Johnny,456501,2016,30,18,5,2.79,.247,.374,.291,.293,.127,87.8,10.6,4.4,
Happ, J.A.,457918,2016,33,20,4,3.18,.256,.420,.321,.318,.164,89.5,12.2,7.4,
Tomlin, Josh,458708,2016,31,13,9,4.40,.278,.482,.332,.301,.203,87.9,10.7,7.2,
Pelfrey, Mike,460059,2016,32,4,10,5.07,.311,.477,.370,.377,.166,89,7.5,5.5,
Gonzalez, Gio,461829,2016,30,11,11,4.57,.251,.406,.316,.320,.155,88.7,9.1,5.9,
Estrada, Marco,462136,2016,32,9,9,3.48,.221,.377,.296,.297,.156,88.1,21.3,7.4,
Nova, Ivan,467100,2016,29,12,8,4.17,.266,.445,.323,.307,.180,90.7,5.2,6.7,
Chacin, Jhoulys,468504,2016,28,6,8,4.81,.269,.408,.326,.339,.139,88.9,9.1,4.4,
Carrasco, Carlos,471911,2016,29,11,8,3.32,.233,.386,.288,.280,.153,89.5,8.4,5.1,
Hellickson, Jeremy,476451,2016,29,12,10,3.71,.263,.437,.323,.313,.174,87.6,14.7,6.9,
Niese, Jonathon,477003,2016,29,8,7,5.50,.280,.475,.355,.350,.195,89.4,7.5,6.4,
Kershaw, Clayton,477132,2016,28,12,4,1.69,.195,.300,.222,.214,.105,86.9,9.4,4.5,
Cashner, Andrew,488768,2016,29,5,11,5.25,.275,.471,.359,.360,.197,90.8,10.9,7.8,
Miley, Wade,489119,2016,29,9,13,5.37,.277,.464,.345,.336,.187,89,9.1,6.7,
Quintana, Jose,500779,2016,27,13,12,3.20,.247,.375,.293,.296,.129,88.2,16.2,4.5,
Pineda, Michael,501381,2016,27,6,12,4.82,.234,.410,.304,.294,.175,89.8,9.5,6.7,
Tillman, Chris,501957,2016,28,16,6,3.77,.255,.422,.330,.332,.167,89,12.4,7.8,
Archer, Chris,502042,2016,27,9,19,4.02,.229,.405,.302,.293,.176,90.2,10.3,8.4,
Gibson, Kyle,502043,2016,28,6,11,5.07,.277,.443,.339,.343,.166,88.4,7.6,6.1,
Locke, Jeff,502046,2016,28,9,8,5.44,.286,.454,.346,.349,.168,89,10.1,6.5,
Samardzija, Jeff,502188,2016,31,12,11,3.81,.249,.416,.307,.299,.168,88.7,10.9,6.1,
Leake, Mike,502190,2016,28,9,12,4.69,.280,.449,.327,.313,.170,89,6.2,6.2,
Santiago, Hector,502327,2016,28,13,10,4.70,.256,.487,.353,.336,.231,89.7,20.1,9.3,
Anderson, Chase,502624,2016,28,9,11,4.39,.270,.474,.348,.336,.204,88.1,16.7,8.7,
Peralta, Wily,503449,2016,27,7,11,4.86,.283,.454,.345,.343,.171,89.2,6.5,6.7,
Nicasio, Juan,504379,2016,29,10,7,4.50,.219,.343,.285,.301,.125,88.5,13,5,
Salazar, Danny,517593,2016,26,11,6,3.87,.228,.388,.307,.314,.160,91.3,9.4,7.8,
Bettis, Chad,518452,2016,27,14,8,4.79,.273,.432,.330,.332,.159,88.7,6.8,5.6,
Bumgarner, Madison,518516,2016,26,15,9,2.74,.216,.372,.279,.270,.157,88.5,15.5,6.7,
Duffy, Danny,518633,2016,27,12,3,3.51,.237,.428,.308,.288,.191,89.5,15.8,7.9,
Gee, Dillon,518716,2016,30,8,9,4.68,.264,.449,.330,.321,.185,87.1,14.3,6.2,
Moore, Matt,519043,2016,27,13,12,4.08,.241,.414,.317,.314,.173,88.8,17.1,6.4,
Nelson, Jimmy,519076,2016,27,8,16,4.62,.247,.395,.327,.344,.148,88.8,9.2,5.5,
Pomeranz, Drew,519141,2016,27,11,12,3.32,.204,.349,.279,.282,.144,88.1,11.6,7.3,
Porcello, Rick,519144,2016,27,22,4,3.15,.244,.416,.301,.283,.172,88.4,13.7,7,
Sale, Chris,519242,2016,27,17,10,3.34,.235,.382,.294,.289,.147,88.7,14.6,5.7,
Perez, Martin,527048,2016,25,10,11,4.39,.288,.457,.354,.356,.169,89.6,6.5,6,
Teheran, Julio,527054,2016,25,7,10,3.21,.234,.406,.298,.285,.172,88.8,16.2,6.5,
Shoemaker, Matt,533167,2016,29,9,13,3.88,.262,.442,.323,.305,.180,87.8,14.3,7,
Andriese, Matt,542882,2016,26,8,8,4.37,.254,.424,.309,.292,.169,91.1,13.6,7.2,
Chatwood, Tyler,543022,2016,26,12,9,3.87,.247,.369,.311,.332,.123,87.7,5.3,4,
Cole, Gerrit,543037,2016,25,7,10,3.88,.268,.378,.308,.328,.109,87.7,8,3,
Conley, Adam,543045,2016,26,8,6,3.85,.226,.402,.317,.328,.176,87.9,17,6.2,
DeSclafani, Anthony,543101,2016,26,9,5,3.28,.252,.402,.304,.302,.150,88.8,12,6.3,
Eovaldi, Nathan,543135,2016,26,9,8,4.76,.269,.469,.341,.326,.201,89.8,7.8,8.5,
Friedrich, Christian,543184,2016,28,5,12,4.80,.246,.376,.306,.319,.130,88.4,14.2,4.1,
Gray, Sonny,543243,2016,26,5,11,5.69,.268,.436,.333,.330,.168,90.2,6.1,6.3,
Hendricks, Kyle,543294,2016,26,16,8,2.13,.213,.320,.259,.269,.108,86.6,10.1,3.4,
Koehler, Tom,543408,2016,30,9,13,4.33,.260,.417,.333,.347,.157,87.8,12,6.7,
McHugh, Collin,543521,2016,29,13,10,4.34,.234,.372,.289,.291,.138,87,14.3,4.7,
Odorizzi, Jake,543606,2016,26,10,6,3.69,.250,.426,.317,.307,.176,89.9,16.6,8.4,
Roark, Tanner,543699,2016,29,16,10,2.83,.240,.378,.306,.318,.138,87.4,8.7,5.4,
Strasburg, Stephen,544931,2016,27,15,4,3.60,.211,.342,.269,.272,.131,87.7,14.2,6,
Bauer, Trevor,545333,2016,25,12,8,4.26,.259,.407,.325,.334,.147,89.6,9.9,5.7,
Iwakuma, Hisashi,547874,2016,35,16,12,4.12,.275,.444,.329,.320,.169,88.7,14.6,5.8,
Tanaka, Masahiro,547888,2016,27,14,4,3.07,.250,.388,.293,.288,.137,88.9,9,4.3,
Ventura, Yordano,570649,2016,25,11,12,4.45,.265,.446,.342,.343,.181,89.8,8.6,7.8,
Corbin, Patrick,571578,2016,26,5,13,5.15,.273,.466,.351,.348,.193,89.9,7.5,9,
Fiers, Mike,571666,2016,31,11,8,4.48,.274,.449,.332,.322,.175,89.8,12.1,6.1,
Matz, Steven,571927,2016,25,9,8,3.40,.228,.343,.276,.281,.115,88.7,7.1,4.5,
Paxton, James,572020,2016,27,6,7,3.79,.247,.365,.280,.284,.118,90.4,8.8,4.1,
Keuchel, Dallas,572971,2016,28,9,12,4.55,.255,.395,.306,.308,.140,88.4,3.8,6.9,
Straily, Dan,573185,2016,27,14,8,3.76,.242,.423,.324,.324,.181,88.9,18.9,7.5,
Stroman, Marcus,573186,2016,25,9,10,4.37,.257,.387,.306,.309,.130,90.4,0.5,4.9,
Foltynewicz, Mike,592314,2016,24,9,5,4.31,.244,.410,.308,.303,.166,88.6,12.8,6.2,
Gausman, Kevin,592332,2016,25,9,12,3.61,.250,.421,.314,.303,.170,88.7,12.6,7.2,
Gray, Jon,592351,2016,24,10,10,4.61,.238,.386,.310,.317,.149,88.2,12.4,6.2,
Ray, Robbie,592662,2016,24,8,15,4.90,.246,.407,.317,.322,.162,89.9,12.3,6.9,
Sanchez, Aaron,592717,2016,23,15,2,3.00,.251,.400,.313,.316,.148,90,4.5,6.1,
Smyly, Drew,592767,2016,27,7,12,4.88,.233,.407,.300,.287,.174,87.8,21.4,6.7,
Syndergaard, Noah,592789,2016,23,14,9,2.60,.220,.324,.259,.267,.104,87.6,6.4,3.5,
Velasquez, Vince,592826,2016,24,8,6,4.12,.242,.413,.313,.307,.171,88.6,16.9,7.9,
Walker, Taijuan,592836,2016,23,8,11,4.22,.247,.436,.321,.307,.190,89.4,12.7,9,
Martinez, Carlos,593372,2016,24,16,9,3.04,.225,.329,.283,.303,.104,87.2,5.8,3.8,
deGrom, Jacob,594798,2016,28,7,8,3.04,.256,.407,.309,.305,.151,88.4,10.8,6.4,
Eickhoff, Jerad,595191,2016,25,11,14,3.65,.236,.386,.293,.286,.149,88.6,15.4,5.7,
Bradley, Archie,605151,2016,23,8,9,5.02,.261,.410,.328,.344,.149,89.6,10.4,5.2,
Davies, Zach,605200,2016,23,11,7,3.97,.242,.376,.294,.294,.134,87.6,11.4,5.2,
Fernandez, Jose,605228,2016,23,16,8,2.86,.220,.329,.269,.285,.109,89.3,11.6,3.8,
Finnegan, Brandon,605232,2016,23,10,11,3.98,.258,.444,.347,.350,.186,88.3,13.9,8,
Fulmer, Michael,605242,2016,23,11,7,3.06,.238,.388,.300,.299,.151,88.1,9.8,5.8,
Morgan, Adam,605388,2016,26,2,11,6.04,.294,.492,.354,.340,.198,89.6,13.4,7.1,
Wisler, Matt,605538,2016,23,7,13,5.00,.265,.458,.335,.325,.193,89.4,14.7,6.4,
Perdomo, Luis,606131,2016,23,9,10,5.71,.273,.444,.331,.331,.172,90,1.2,5.8,
Rodon, Carlos,607074,2016,23,9,10,4.04,.246,.380,.303,.311,.134,88.9,13.1,4.5,
Wacha, Michael,608379,2016,24,7,7,5.09,.265,.425,.318,.320,.160,88.1,8.9,6.1,
Duffey, Tyler,608648,2016,25,9,12,6.43,.288,.507,.359,.334,.219,90.2,8.1,9.5,
Graveman, Kendall,608665,2016,25,10,11,4.11,.291,.461,.345,.340,.171,89.6,6,5.5,
Chen, Wei-Yin,612672,2016,30,5,5,4.96,.282,.487,.346,.320,.205,89.7,13.2,8.4,
Maeda, Kenta,628317,2016,28,16,11,3.48,.224,.358,.281,.288,.133,85.7,12.7,5.4,
Manaea, Sean,640455,2016,24,7,9,3.86,.253,.440,.321,.306,.188,89.9,11.7,6.8,
Colon, Bartolo,112526,2017,44,7,14,6.48,.284,.500,.351,.324,.216,88.8,13.1,7.3,
Sabathia, CC,282332,2017,36,14,5,3.69,.258,.397,.315,.324,.140,85,7.4,4,
Dickey, R.A.,285079,2017,42,10,10,4.26,.257,.399,.318,.330,.142,86.2,10.1,4.3,
Lackey, John,407793,2017,38,12,12,4.59,.268,.470,.344,.334,.202,88.2,14.3,6.8,
Wainwright, Adam,425794,2017,35,12,5,5.11,.275,.412,.327,.342,.137,86.7,8.5,4.3,
Greinke, Zack,425844,2017,33,17,7,3.20,.225,.395,.288,.270,.171,87.4,10.2,7.4,
Santana, Ervin,429722,2017,34,16,8,3.28,.235,.398,.300,.296,.163,86,16.1,5.9,
Cain, Matt,430912,2017,32,3,11,5.43,.296,.489,.361,.360,.193,88.5,12,6.1,
Hamels, Cole,430935,2017,33,11,6,4.20,.251,.427,.327,.329,.176,87.9,10.6,5.4,
Verlander, Justin,434378,2017,34,15,8,3.36,.240,.420,.315,.310,.180,87.6,16.4,7.2,
Jimenez, Ubaldo,434622,2017,33,6,11,6.81,.280,.482,.358,.351,.202,89.3,12.4,7.8,
Hammel, Jason,434628,2017,34,8,13,5.29,.278,.475,.345,.330,.197,88.2,16.2,7.1,
Nolasco, Ricky,445060,2017,34,6,15,4.92,.291,.518,.366,.346,.227,90,14.6,8.4,
Chavez, Jesse,445926,2017,33,7,11,5.35,.277,.501,.354,.335,.225,88.9,12,8.8,
Kluber, Corey,446372,2017,31,18,4,2.25,.205,.325,.248,.247,.120,85.3,10.5,5.3,
Hill, Rich,448179,2017,37,12,8,3.32,.196,.348,.278,.283,.152,86,17.6,7,
Shields, James,448306,2017,35,5,7,5.23,.265,.487,.354,.345,.222,87.7,15,8.7,
Garcia, Jaime,448802,2017,30,5,10,4.41,.259,.425,.325,.329,.167,87.2,4.8,5.4,
Morton, Charlie,450203,2017,33,14,7,3.62,.229,.357,.294,.308,.128,85.4,7.1,4.6,
Vargas, Jason,450306,2017,34,18,11,4.16,.256,.435,.325,.319,.179,87.1,14.9,5.5,
Gallardo, Yovani,451596,2017,31,5,10,5.72,.276,.479,.356,.354,.204,88.3,12.6,7.1,
Lester, Jon,452657,2017,33,13,8,4.33,.241,.392,.304,.307,.151,86.4,10.3,5.4,
Kennedy, Ian,453178,2017,32,5,13,5.38,.263,.515,.359,.337,.251,89.5,17.5,10.9,
Scherzer, Max,453286,2017,32,16,6,2.51,.177,.305,.243,.247,.128,86.5,19.1,5.6,
Richard, Clayton,453385,2017,33,8,15,4.79,.278,.413,.325,.335,.135,87.4,1.8,4.4,
Arrieta, Jake,453562,2017,31,14,10,3.53,.240,.396,.305,.309,.156,87.4,10.6,5.6,
Gonzalez, Miguel,456068,2017,33,8,13,4.62,.269,.462,.341,.334,.193,88.3,17.4,6.7,
Cueto, Johnny,456501,2017,31,8,8,4.52,.282,.476,.354,.350,.195,88.2,15.1,7.3,
Happ, J.A.,457918,2017,34,10,11,3.53,.237,.376,.291,.293,.138,85.9,9,4.3,
Lynn, Lance,458681,2017,30,11,8,3.43,.234,.398,.315,.324,.164,86.6,12.2,5.8,
Tomlin, Josh,458708,2017,32,10,9,4.98,.300,.511,.351,.321,.212,88.5,13.7,7,
Pelfrey, Mike,460059,2017,33,3,12,5.93,.267,.463,.356,.364,.195,87.8,8.6,7.6,
Gonzalez, Gio,461829,2017,31,15,9,2.96,.226,.364,.295,.308,.138,86.1,11.7,4.9,
Estrada, Marco,462136,2017,33,10,9,4.98,.229,.409,.305,.298,.179,87,21.8,7,
Nova, Ivan,467100,2017,30,11,14,4.14,.282,.480,.341,.323,.197,89.4,9.2,6.5,
Chacin, Jhoulys,468504,2017,29,13,10,3.89,.238,.380,.307,.323,.142,86.3,9.8,5.7,
Carrasco, Carlos,471911,2017,30,18,6,3.29,.235,.389,.295,.289,.154,87.4,9.6,7.4,
Hellickson, Jeremy,476451,2017,30,8,11,5.43,.277,.489,.351,.335,.212,87.8,17.8,6.4,
Kershaw, Clayton,477132,2017,29,18,4,2.31,.213,.364,.263,.249,.151,85.3,10.3,6.3,
Cashner, Andrew,488768,2017,30,11,11,3.40,.275,.403,.330,.349,.128,87.1,10.6,3.9,
Miley, Wade,489119,2017,30,8,15,5.61,.278,.451,.359,.374,.173,87.6,7.4,6.3,
Garza, Matt,490063,2017,33,6,9,4.94,.270,.423,.328,.338,.152,86.7,14.6,4.7,
Ramirez, JC,500724,2017,28,11,10,4.15,.273,.454,.341,.338,.182,87.6,8,6.5,
Quintana, Jose,500779,2017,28,11,11,4.15,.244,.402,.309,.312,.159,87.5,11.8,5.9,
Archer, Chris,502042,2017,28,10,12,4.07,.233,.387,.296,.293,.154,89.6,12.7,5.9,
Gibson, Kyle,502043,2017,29,12,10,5.07,.289,.465,.354,.357,.176,88.5,6.7,6.9,
Cobb, Alex,502171,2017,29,12,10,3.66,.270,.432,.324,.319,.163,88.2,9.3,6,
Samardzija, Jeff,502188,2017,32,9,15,4.42,.248,.425,.301,.281,.178,87.4,12.4,6.3,
Leake, Mike,502190,2017,29,10,13,3.92,.273,.433,.320,.315,.160,87.6,6.1,5.1,
Anderson, Chase,502624,2017,29,12,4,2.74,.213,.351,.275,.280,.138,85.6,14.5,4.4,
Holland, Derek,502706,2017,30,7,14,6.20,.287,.511,.383,.384,.223,88.5,14.2,8.2,
Peacock, Brad,502748,2017,29,13,2,3.00,.195,.313,.268,.284,.118,85.7,12.9,5.2,
Darvish, Yu,506433,2017,30,10,12,3.86,.233,.379,.295,.298,.145,86.2,13.2,6.3,
Duffy, Danny,518633,2017,28,9,10,3.81,.248,.405,.309,.305,.157,87,16,5.5,
Moore, Matt,519043,2017,28,6,15,5.52,.275,.509,.361,.344,.234,89.6,15.7,9,
Nelson, Jimmy,519076,2017,28,12,6,3.49,.233,.355,.285,.293,.122,85.9,5.9,4,
Pomeranz, Drew,519141,2017,28,17,6,3.32,.247,.409,.317,.321,.161,87.9,13,6.7,
Porcello, Rick,519144,2017,28,11,17,4.65,.270,.477,.337,.314,.207,88.2,14.4,8,
Sale, Chris,519242,2017,28,17,8,2.90,.194,.337,.252,.243,.142,86.8,15,6.1,
Zimmermann, Jordan,519455,2017,31,8,13,6.08,.294,.512,.362,.343,.219,89.3,17.2,7.7,
Perez, Martin,527048,2017,26,13,12,4.82,.296,.469,.356,.357,.173,87.1,9.8,5.4,
Teheran, Julio,527054,2017,26,11,13,4.49,.253,.424,.325,.326,.171,87.2,13.9,6.4,
Adleman, Tim,534947,2017,29,5,11,5.52,.244,.460,.337,.326,.217,87.7,18.3,7.9,
Ramirez, Erasmo,541640,2017,27,5,6,4.39,.258,.458,.325,.304,.200,88.5,12.4,7.6,
Chatwood, Tyler,543022,2017,27,8,15,4.69,.253,.398,.329,.349,.145,86.4,1.2,5.6,
Cole, Gerrit,543037,2017,26,12,12,4.26,.257,.428,.317,.309,.171,86.3,11.1,7.6,
Gray, Sonny,543243,2017,27,10,12,3.55,.245,.404,.310,.312,.159,87.4,5.4,6.2,
Hendricks, Kyle,543294,2017,27,7,5,3.03,.251,.390,.303,.307,.139,85,8.6,4.4,
Montgomery, Mike,543557,2017,27,7,8,3.38,.238,.352,.301,.327,.114,86,3.8,3.2,
Odorizzi, Jake,543606,2017,27,10,8,4.14,.240,.445,.326,.318,.205,87.9,19.6,8.2,
Roark, Tanner,543699,2017,30,13,11,4.67,.256,.403,.315,.323,.147,86.9,10,5.4,
Strasburg, Stephen,544931,2017,28,15,4,2.52,.204,.333,.263,.268,.128,87.3,10.8,6.1,
Bauer, Trevor,545333,2017,26,17,9,4.19,.250,.422,.320,.316,.172,89.4,9.7,7.8,
Tanaka, Masahiro,547888,2017,28,13,12,4.74,.247,.444,.315,.295,.197,88,8.8,8.6,
Ryu, Hyun Jin,547943,2017,30,5,9,3.77,.259,.437,.328,.328,.178,87.5,10.1,6.9,
Urena, Jose,570632,2017,25,14,7,3.82,.263,.462,.345,.344,.199,86.4,13,8.6,
Boyd, Matthew,571510,2017,26,6,11,5.27,.263,.445,.333,.332,.183,86.6,15.7,5.9,
Corbin, Patrick,571578,2017,27,14,13,4.03,.264,.427,.320,.321,.163,87.9,7.8,6.7,
Fiers, Mike,571666,2017,32,8,10,5.22,.256,.445,.341,.340,.189,86.5,12.9,8,
Paxton, James,572020,2017,28,12,5,2.98,.213,.306,.256,.271,.093,87.2,12.3,2.8,
Keuchel, Dallas,572971,2017,29,14,5,2.90,.234,.350,.287,.299,.116,85.5,-0.6,5.1,
Straily, Dan,573185,2017,28,10,9,4.26,.235,.413,.306,.300,.178,87.2,18.5,6.9,
Stroman, Marcus,573186,2017,26,13,9,3.09,.263,.394,.314,.323,.131,88.7,0.6,5,
Foltynewicz, Mike,592314,2017,25,10,13,4.79,.266,.438,.336,.340,.172,88.5,13.6,5.4,
Gausman, Kevin,592332,2017,26,11,12,4.68,.272,.456,.344,.340,.185,87.7,11.8,8.2,
Ray, Robbie,592662,2017,25,15,5,2.89,.215,.370,.297,.307,.155,89.9,14.4,6.2,
Taillon, Jameson,592791,2017,25,8,7,4.44,.255,.382,.305,.319,.127,86.3,9.2,4.1,
Walker, Taijuan,592836,2017,24,9,9,3.49,.244,.406,.313,.321,.162,88.7,9.6,5.1,
Williams, Trevor,592866,2017,25,7,9,4.07,.254,.396,.317,.328,.142,86.3,10,5.2,
Martinez, Carlos,593372,2017,25,12,11,3.64,.222,.352,.284,.294,.131,87,8.1,4.8,
Rodriguez, Eduardo,593958,2017,24,6,7,4.19,.229,.412,.309,.302,.183,86.3,16.6,7.7,
deGrom, Jacob,594798,2017,29,15,10,3.53,.219,.349,.274,.278,.130,86.3,10.8,5.9,
Eickhoff, Jerad,595191,2017,26,4,8,4.71,.264,.448,.337,.338,.184,89,15.4,6.3,
Pivetta, Nick,601713,2017,24,8,10,6.02,.256,.438,.336,.335,.182,88.3,13.1,7.3,
Bundy, Dylan,605164,2017,24,13,9,4.24,.242,.441,.321,.306,.199,88.8,19.4,7.8,
Cotton, Jharel,605194,2017,25,9,10,5.58,.241,.428,.322,.318,.188,86.7,17.4,6,
Davies, Zach,605200,2017,24,17,9,3.90,.287,.430,.336,.345,.143,86.2,7.4,4,
Fulmer, Michael,605242,2017,24,10,12,3.83,.259,.407,.310,.310,.148,86.1,9.4,4.9,
Nola, Aaron,605400,2017,24,12,11,3.54,.224,.360,.279,.281,.136,85.7,9,5,
Snell, Blake,605483,2017,24,5,7,4.04,.232,.384,.306,.316,.152,86.4,13.3,4.3,
Perdomo, Luis,606131,2017,24,8,11,4.67,.270,.420,.334,.346,.150,88,1.1,5,
Montero, Rafael,606160,2017,26,5,11,5.52,.250,.374,.320,.349,.124,84.6,10.4,4.1,
Gsellman, Robert,607229,2017,23,8,7,5.19,.280,.443,.340,.346,.163,86.3,6.9,5,
Biagini, Joe,607352,2017,27,3,13,5.34,.251,.385,.306,.315,.134,86.2,5.8,5.3,
Freeland, Kyle,607536,2017,24,11,11,4.10,.258,.394,.319,.335,.136,86.1,4.7,4.3,
Wacha, Michael,608379,2017,25,12,9,4.13,.250,.391,.305,.312,.141,87.2,9.8,5.6,
Marquez, German,608566,2017,22,11,7,4.39,.258,.434,.324,.319,.176,88.7,9.1,7.1,
McCullers Jr., Lance,621121,2017,23,7,4,4.25,.231,.345,.291,.309,.115,87.4,1,4.6,
Berrios, Jose,621244,2017,23,14,8,3.89,.232,.387,.306,.309,.155,86,14.7,5,
Blach, Ty,621389,2017,26,8,12,4.78,.289,.447,.336,.335,.158,86.9,9.9,3.7,
Wood, Alex,622072,2017,26,16,3,2.72,.234,.360,.280,.289,.126,85.6,7.4,5,
Senzatela, Antonio,622608,2017,22,10,5,4.68,.265,.411,.327,.333,.146,87.7,7.1,5.4,
Severino, Luis,622663,2017,23,14,6,2.98,.215,.339,.271,.274,.124,87.2,8,6.1,
Maeda, Kenta,628317,2017,29,13,6,4.22,.230,.377,.287,.284,.147,86.2,15,4.8,
Manaea, Sean,640455,2017,25,12,10,4.37,.264,.426,.329,.333,.163,89.4,12.6,5.8,
Kuhl, Chad,641771,2017,24,8,11,4.35,.262,.419,.332,.348,.157,88.8,11.6,5.7,
Godley, Zack,643327,2017,27,8,9,3.37,.230,.368,.295,.303,.138,88,4.9,6.4,
Montgomery, Jordan,656756,2017,24,9,7,3.88,.239,.399,.307,.301,.160,86.9,13.8,6.2,
Miranda, Ariel,664641,2017,28,8,7,5.12,.241,.463,.334,.317,.222,87.9,20.6,9.5,
Colon, Bartolo,112526,2018,45,7,12,5.78,.300,.525,.363,.328,.225,89.6,11.8,7.5,
Sabathia, CC,282332,2018,37,9,7,3.65,.219,.352,.289,.293,.132,84.9,13,5.2,
Greinke, Zack,425844,2018,34,15,11,3.21,.245,.406,.303,.290,.161,87.9,10.4,6.4,
Hamels, Cole,430935,2018,34,9,12,3.78,.255,.423,.332,.333,.167,88.6,10.9,7.5,
Hernandez, Felix,433587,2018,32,8,14,5.55,.267,.463,.352,.345,.196,89.8,12.2,8.4,
Verlander, Justin,434378,2018,35,16,9,2.52,.184,.309,.237,.229,.124,88.5,22.1,6.2,
Liriano, Francisco,434538,2018,34,5,12,4.58,.263,.442,.355,.362,.179,88,9.3,7.5,
Hammel, Jason,434628,2018,35,4,14,6.02,.299,.508,.366,.348,.209,89.5,15.6,8.3,
Sanchez, Anibal,434671,2018,34,7,6,2.83,.210,.343,.275,.276,.133,85,12.2,5.1,
Kluber, Corey,446372,2018,32,20,7,2.89,.227,.369,.277,.263,.142,87.9,11.3,6.3,
Hill, Rich,448179,2018,38,11,5,3.66,.226,.403,.304,.296,.176,88.8,15.6,7.8,
Shields, James,448306,2018,36,7,16,4.53,.262,.466,.350,.336,.204,88.6,16.6,8.3,
Guerra, Junior,448855,2018,33,6,9,4.09,.242,.395,.313,.315,.153,89,13.6,6.7,
Morton, Charlie,450203,2018,34,15,3,3.13,.205,.326,.284,.299,.121,87.5,7.7,5.8,
Lester, Jon,452657,2018,34,18,6,3.32,.268,.449,.343,.337,.181,88.7,13.7,6.6,
Kennedy, Ian,453178,2018,33,3,9,4.66,.260,.483,.342,.318,.223,89.5,17.5,8.9,
LeBlanc, Wade,453281,2018,33,9,5,3.72,.251,.432,.317,.300,.181,87.4,16.1,9,
Scherzer, Max,453286,2018,33,18,7,2.53,.185,.316,.248,.245,.131,86.6,20.7,6.6,
Richard, Clayton,453385,2018,34,7,11,5.33,.277,.446,.349,.351,.170,90.6,2.2,6.2,
Arrieta, Jake,453562,2018,32,10,11,3.96,.249,.392,.312,.314,.143,87.8,8.6,5.6,
Price, David,456034,2018,32,16,7,3.58,.240,.409,.313,.303,.170,88.7,14.7,7,
Happ, J.A.,457918,2018,35,17,6,3.65,.226,.400,.302,.290,.174,88.4,15.4,8.8,
Lynn, Lance,458681,2018,31,10,10,4.77,.240,.364,.310,.329,.124,87.5,7.8,4.2,
Gonzalez, Gio,461829,2018,32,10,11,4.21,.255,.412,.329,.337,.157,87.7,11.2,5.8,
Estrada, Marco,462136,2018,34,7,14,5.64,.245,.454,.332,.310,.209,87.5,24.7,9.3,
Nova, Ivan,467100,2018,31,9,9,4.19,.267,.464,.332,.309,.197,90,11,7.9,
Chacin, Jhoulys,468504,2018,30,15,8,3.50,.246,.402,.320,.325,.156,88.8,13.2,6.5,
Carrasco, Carlos,471911,2018,31,17,10,3.38,.228,.371,.283,.278,.143,89.7,9.8,6,
Ross, Tyson,475115,2018,31,8,9,4.15,.251,.401,.324,.334,.150,88.3,8.9,6.1,
Kershaw, Clayton,477132,2018,30,9,5,2.73,.237,.368,.282,.274,.131,88,9.3,5.4,
Cashner, Andrew,488768,2018,31,4,15,5.29,.286,.469,.358,.357,.183,89.2,13.4,7.2,
Quintana, Jose,500779,2018,29,13,11,4.03,.247,.415,.321,.320,.168,89.4,12.4,6.1,
Minor, Mike,501985,2018,30,12,8,4.18,.242,.445,.319,.295,.204,88.1,18.7,10.8,
Archer, Chris,502042,2018,29,6,8,4.31,.249,.414,.317,.314,.165,89.7,11.9,6.4,
Gibson, Kyle,502043,2018,30,10,13,3.62,.251,.392,.319,.327,.141,87.8,7.9,5.7,
Cobb, Alex,502171,2018,30,5,15,4.90,.275,.457,.338,.326,.183,89,7.5,7.8,
Leake, Mike,502190,2018,30,10,10,4.36,.298,.471,.348,.333,.174,89.7,8.5,6.7,
Anderson, Chase,502624,2018,30,9,8,3.93,.244,.436,.330,.320,.192,87.2,18.5,8.8,
Holland, Derek,502706,2018,31,7,9,3.57,.239,.401,.312,.314,.163,88.4,14.7,6.6,
Bettis, Chad,518452,2018,29,5,2,5.01,.263,.448,.343,.339,.185,88.6,6.9,7.3,
Bumgarner, Madison,518516,2018,28,6,7,3.26,.249,.426,.322,.314,.177,88.4,13.3,8.4,
Duffy, Danny,518633,2018,29,8,12,4.88,.263,.452,.346,.341,.188,88.6,16.8,7.3,
Harvey, Matt,518774,2018,29,7,9,4.94,.249,.434,.319,.299,.185,90.1,13.5,8,
Porcello, Rick,519144,2018,29,17,7,4.28,.243,.403,.311,.304,.160,89,12.4,7,
Sale, Chris,519242,2018,29,12,4,2.11,.166,.285,.233,.231,.119,85.6,12.4,7.5,
Zimmermann, Jordan,519455,2018,32,7,8,4.52,.257,.467,.327,.294,.211,89.1,16.8,9.6,
Teheran, Julio,527054,2018,27,9,9,3.94,.231,.407,.324,.330,.176,88.7,15.5,7.2,
Anderson, Tyler,542881,2018,28,7,9,4.55,.229,.375,.296,.295,.146,87.6,16,5.7,
Cole, Gerrit,543037,2018,27,15,5,2.88,.198,.337,.271,.270,.139,89.1,15.8,6.2,
Gaviglio, Sam,543208,2018,28,3,10,5.31,.265,.435,.330,.323,.169,88.9,7.8,6.7,
Gray, Sonny,543243,2018,28,11,9,4.90,.249,.385,.322,.334,.136,88.7,7.9,6.3,
Hendricks, Kyle,543294,2018,28,14,11,3.44,.243,.389,.300,.294,.145,86.4,10.3,5.7,
Montgomery, Mike,543557,2018,28,5,6,3.99,.273,.406,.325,.335,.133,87.9,7.7,3.7,
Odorizzi, Jake,543606,2018,28,7,10,4.49,.245,.425,.332,.332,.181,89.1,21.4,7.4,
Roark, Tanner,543699,2018,31,9,15,4.34,.255,.418,.318,.313,.163,87.8,14.5,6,
Strasburg, Stephen,544931,2018,29,10,7,3.74,.231,.399,.306,.296,.168,89.2,11,7.3,
Bauer, Trevor,545333,2018,27,12,6,2.21,.197,.307,.260,.271,.110,87.8,12,4.4,
Tanaka, Masahiro,547888,2018,29,12,6,3.75,.242,.408,.305,.292,.166,88.9,10.7,7.1,
Stripling, Ross,548389,2018,28,8,6,3.02,.221,.361,.270,.258,.141,87.9,10.1,5.8,
Wheeler, Zack,554430,2018,28,12,7,3.31,.219,.334,.278,.287,.115,86.1,11.3,4.8,
Urena, Jose,570632,2018,26,9,12,3.98,.249,.393,.311,.317,.144,88.5,9.3,6.2,
Boyd, Matthew,571510,2018,27,9,13,4.39,.209,.370,.287,.280,.161,87.4,22.3,6.1,
Corbin, Patrick,571578,2018,28,11,7,3.15,.233,.362,.283,.284,.129,88.4,7.8,5.8,
Fiers, Mike,571666,2018,33,12,8,3.56,.254,.480,.336,.302,.226,89.8,16.8,10.4,
Heaney, Andrew,571760,2018,27,9,10,4.15,.244,.408,.311,.299,.164,87.7,12.4,7.8,
Matz, Steven,571927,2018,27,5,11,3.97,.227,.375,.302,.308,.148,89.1,8.1,7.4,
Mikolas, Miles,571945,2018,29,18,4,2.83,.245,.379,.286,.279,.134,86.7,8.2,5.1,
Paxton, James,572020,2018,29,11,6,3.76,.220,.383,.287,.272,.163,90.1,15,9.4,
Skaggs, Tyler,572140,2018,26,8,10,4.02,.242,.383,.304,.305,.141,89.4,12.9,6.1,
Keuchel, Dallas,572971,2018,30,12,11,3.74,.247,.362,.293,.298,.116,87.3,4.5,4.5,
Straily, Dan,573185,2018,29,5,6,4.12,.266,.475,.355,.350,.209,90.1,18.8,7.5,
Covey, Dylan,592229,2018,26,5,14,5.18,.265,.414,.330,.337,.149,88.6,5.8,5.3,
Foltynewicz, Mike,592314,2018,26,13,10,2.85,.202,.331,.274,.283,.128,88.6,13.9,6.9,
Gausman, Kevin,592332,2018,27,10,11,3.92,.269,.446,.333,.322,.177,89,10.8,7.4,
Gray, Jon,592351,2018,26,12,9,5.12,.246,.392,.307,.305,.146,89.8,9.7,5.8,
Ray, Robbie,592662,2018,26,6,2,3.93,.217,.362,.309,.329,.145,90.1,14.6,8.7,
Syndergaard, Noah,592789,2018,25,13,4,3.03,.229,.312,.267,.284,.083,85.8,7.4,2,
Taillon, Jameson,592791,2018,26,14,10,3.20,.238,.373,.290,.289,.135,87.8,10.4,4.3,
Velasquez, Vince,592826,2018,26,9,12,4.85,.227,.350,.296,.311,.123,89.4,16.4,5.2,
Williams, Trevor,592866,2018,26,14,10,3.11,.248,.395,.309,.312,.147,86.9,14.1,5.8,
Martinez, Carlos,593372,2018,26,8,6,3.11,.217,.329,.297,.325,.111,86.1,10.8,3.9,
Rodriguez, Eduardo,593958,2018,25,13,5,3.82,.228,.385,.299,.296,.157,88,14,6.7,
deGrom, Jacob,594798,2018,30,10,9,1.70,.200,.289,.243,.251,.089,86.3,11.2,4.1,
Gonzales, Marco,594835,2018,26,13,9,4.00,.262,.406,.311,.303,.144,88.5,10.4,5.4,
Junis, Jakob,596001,2018,25,9,12,4.37,.248,.432,.324,.307,.185,88.7,13.8,8.6,
Weaver, Luke,596133,2018,24,7,11,4.95,.259,.427,.331,.330,.168,87.9,12.8,6.3,
Pivetta, Nick,601713,2018,25,7,14,4.77,.218,.372,.290,.283,.154,88.8,10.9,7.8,
Bundy, Dylan,605164,2018,25,8,16,5.45,.245,.440,.324,.305,.196,89.3,17.4,8.5,
Clevinger, Mike,605182,2018,27,13,8,3.02,.214,.354,.283,.283,.140,87,14.3,5.6,
Fulmer, Michael,605242,2018,25,3,12,4.69,.262,.433,.334,.330,.171,89.4,11.9,6.5,
Nola, Aaron,605400,2018,25,17,6,2.37,.202,.315,.258,.265,.113,87.1,9.1,4.6,
Snell, Blake,605483,2018,25,21,5,1.89,.202,.342,.275,.277,.139,87.5,10.7,7.2,
Suarez, Andrew,605498,2018,25,7,13,4.49,.263,.449,.334,.319,.186,89.4,7.3,7.6,
Rodon, Carlos,607074,2018,25,6,8,4.18,.225,.371,.313,.327,.146,87.7,16.6,5.1,
Romano, Sal,607219,2018,24,8,11,5.31,.269,.450,.338,.334,.181,88.3,10.6,8.1,
Freeland, Kyle,607536,2018,25,17,7,2.85,.238,.374,.300,.306,.135,86.8,12,5,
Giolito, Lucas,608337,2018,23,10,13,6.13,.256,.433,.348,.357,.177,88.7,13.3,7,
Marquez, German,608566,2018,23,14,11,3.77,.224,.355,.282,.286,.131,89.5,9.2,5.6,
Stratton, Chris,608717,2018,27,10,10,5.09,.283,.474,.356,.347,.191,90.4,11.6,7,
Chen, Wei-Yin,612672,2018,32,6,12,4.79,.227,.368,.288,.293,.141,87.6,17.4,5.3,
Eflin, Zach,621107,2018,24,11,8,4.36,.236,.382,.293,.292,.147,87.4,14,5.7,
Buehler, Walker,621111,2018,23,8,5,2.62,.202,.311,.260,.267,.109,87.9,9.5,4.3,
McCullers Jr., Lance,621121,2018,24,10,6,3.86,.220,.362,.299,.305,.142,89.2,5.4,8.2,
Berrios, Jose,621244,2018,24,12,11,3.84,.224,.366,.295,.298,.142,87.3,14.3,6,
Blach, Ty,621389,2018,27,6,7,4.25,.280,.413,.331,.341,.133,88.3,6,4.8,
Wood, Alex,622072,2018,27,9,7,3.68,.240,.366,.290,.296,.127,88.1,8.5,4.6,
Castillo, Luis,622491,2018,25,10,12,4.30,.245,.426,.318,.303,.181,88.8,9.6,8.8,
Severino, Luis,622663,2018,24,19,8,3.39,.240,.394,.299,.289,.154,88.4,11.7,7.7,
Lopez, Reynaldo,625643,2018,24,7,10,3.91,.253,.433,.335,.332,.180,88.3,19.6,7.3,
Maeda, Kenta,628317,2018,30,8,10,3.81,.223,.358,.287,.295,.135,87.3,13.4,5.7,
Manaea, Sean,640455,2018,26,12,9,3.59,.262,.452,.329,.308,.190,89.5,12.1,7.9,
Keller, Brad,641745,2018,22,9,6,3.08,.247,.357,.301,.315,.110,88.1,7,4.6,
Lauer, Eric,641778,2018,23,6,7,4.34,.260,.413,.333,.341,.153,88.4,15.6,6,
Mahle, Tyler,641816,2018,23,7,9,4.98,.263,.437,.338,.345,.173,90.1,14.1,9.1,
Yarbrough, Ryan,642232,2018,26,16,6,3.91,.253,.406,.317,.322,.153,85.7,16.3,6.3,
Barria, Jaime,642545,2018,21,10,9,3.41,.248,.426,.328,.322,.178,88.7,17.7,7.3,
Godley, Zack,643327,2018,28,15,11,4.74,.255,.403,.334,.345,.148,89.7,7.5,6.4,
Flaherty, Jack,656427,2018,22,8,9,3.34,.203,.325,.279,.295,.121,86.9,15.6,6.6,
Newcomb, Sean,656794,2018,25,12,9,3.90,.221,.348,.297,.313,.128,87.6,13,4.2,
Lucchesi, Joey,664192,2018,25,8,9,4.08,.244,.431,.321,.310,.187,89.4,8.7,8.7,
Richards, Trevor,670950,2018,25,4,9,4.42,.244,.405,.319,.326,.161,88.3,14.9,6.1,
Wainwright, Adam,425794,2019,37,14,10,4.19,.265,.430,.329,.338,.165,88.9,10.2,6.5,
Greinke, Zack,425844,2019,35,18,5,2.93,.238,.389,.281,.271,.151,87.5,11,6.3,
Hamels, Cole,430935,2019,35,7,7,3.81,.247,.417,.322,.325,.170,90.3,11.3,7.6,
Verlander, Justin,434378,2019,36,21,6,2.58,.186,.346,.248,.233,.160,87.3,18.5,7.2,
Sanchez, Anibal,434671,2019,35,11,8,3.85,.251,.421,.312,.316,.171,87,14.7,6.6,
Morton, Charlie,450203,2019,35,16,6,3.05,.216,.336,.274,.285,.120,86.9,9.2,5,
Vargas, Jason,450306,2019,36,7,9,4.51,.243,.443,.326,.323,.200,87.6,16.7,7.9,
Lester, Jon,452657,2019,35,13,10,4.46,.274,.456,.337,.329,.182,88.6,12.2,7.4,
LeBlanc, Wade,453281,2019,34,6,7,5.71,.280,.491,.343,.323,.211,89.4,13.9,7.8,
Scherzer, Max,453286,2019,34,11,7,2.92,.203,.336,.254,.250,.133,87.6,13.5,6.6,
Arrieta, Jake,453562,2019,33,8,8,4.64,.266,.446,.337,.338,.181,89.3,6.8,6.8,
Bailey, Homer,456701,2019,33,13,9,4.57,.262,.418,.319,.324,.156,90.3,13.8,5.7,
Happ, J.A.,457918,2019,36,12,8,4.91,.258,.461,.331,.317,.204,89.2,13.7,8.3,
Lynn, Lance,458681,2019,32,16,11,3.67,.222,.372,.283,.282,.149,87.9,13.8,5.9,
Nova, Ivan,467100,2019,32,11,12,4.72,.295,.477,.352,.345,.182,88.8,10.7,7.2,
Anderson, Brett,474463,2019,31,13,9,3.89,.283,.480,.347,.336,.197,89.6,5,7.3,
Kershaw, Clayton,477132,2019,31,16,5,3.03,.230,.393,.289,.279,.163,88.7,11.8,6.6,
Cashner, Andrew,488768,2019,32,11,8,4.68,.263,.466,.343,.335,.204,89.7,10.3,7.7,
Miley, Wade,489119,2019,32,14,6,3.98,.245,.384,.307,.317,.138,87.5,8.3,4.3,
Quintana, Jose,500779,2019,30,13,9,4.68,.273,.434,.326,.322,.161,90,11.1,5.7,
Pineda, Michael,501381,2019,30,11,5,4.01,.252,.443,.313,.294,.192,89.7,16.9,7.3,
Minor, Mike,501985,2019,31,14,10,3.59,.228,.389,.298,.296,.161,86.9,16.5,7,
Archer, Chris,502042,2019,30,3,9,5.19,.259,.476,.346,.342,.217,89.4,14.4,10.5,
Gibson, Kyle,502043,2019,31,13,7,4.84,.269,.438,.333,.335,.168,88.3,7.1,7.5,
Samardzija, Jeff,502188,2019,34,11,12,3.52,.253,.465,.326,.309,.212,89.5,16.9,8.3,
Leake, Mike,502190,2019,31,12,11,4.29,.294,.519,.355,.325,.225,90.7,11.6,8.8,
Anderson, Chase,502624,2019,31,8,4,4.21,.244,.421,.320,.322,.177,87.3,19.6,6.3,
Darvish, Yu,506433,2019,32,6,8,3.98,.223,.398,.298,.294,.175,88.6,12.6,7.4,
Bumgarner, Madison,518516,2019,29,9,9,3.90,.255,.459,.321,.302,.205,90.4,18.3,9,
Duffy, Danny,518633,2019,30,7,6,4.34,.260,.468,.341,.332,.207,89.3,16.4,7.5,
Kelly, Merrill,518876,2019,30,13,14,4.42,.271,.493,.345,.327,.222,89.9,12.5,9.5,
Porcello, Rick,519144,2019,30,14,12,5.52,.261,.478,.331,.310,.217,88.4,15.7,9.4,
Sale, Chris,519242,2019,30,6,11,4.40,.213,.380,.284,.277,.167,88.5,12.9,8.1,
Zimmermann, Jordan,519455,2019,33,1,13,6.91,.297,.522,.363,.340,.225,90.3,12.6,9.5,
Perez, Martin,527048,2019,28,10,7,5.12,.245,.385,.306,.316,.140,86.2,9.5,5.3,
Teheran, Julio,527054,2019,28,10,11,3.81,.240,.416,.327,.338,.176,89,15.5,6.9,
Cole, Gerrit,543037,2019,28,20,5,2.50,.181,.315,.237,.232,.134,87.6,14,5.9,
DeSclafani, Anthony,543101,2019,29,9,9,3.89,.233,.401,.297,.294,.168,89.1,12.3,7.1,
Gray, Sonny,543243,2019,29,11,8,2.87,.209,.354,.286,.295,.145,88.1,9.1,6.8,
Hendricks, Kyle,543294,2019,29,11,10,3.46,.248,.393,.294,.290,.146,86.5,14.2,5.4,
Lyles, Jordan,543475,2019,28,12,8,4.15,.233,.426,.312,.306,.193,89.9,15,8.1,
Odorizzi, Jake,543606,2019,29,15,7,3.51,.230,.400,.300,.297,.170,89.2,18.1,7.8,
Roark, Tanner,543699,2019,32,10,10,4.35,.269,.466,.342,.336,.197,89,15.5,8.4,
Strasburg, Stephen,544931,2019,30,18,6,3.32,.211,.337,.267,.274,.126,87.9,7.8,6.1,
Bauer, Trevor,545333,2019,28,11,13,4.48,.223,.402,.310,.310,.178,88.7,16.4,8.6,
Tanaka, Masahiro,547888,2019,30,11,9,4.45,.260,.430,.314,.302,.170,89,11,6,
Ryu, Hyun Jin,547943,2019,32,14,5,2.32,.249,.370,.281,.279,.121,86.6,7.2,4.7,
Wheeler, Zack,554430,2019,29,11,8,3.96,.245,.393,.297,.296,.148,87,12.3,5.3,
Boyd, Matthew,571510,2019,28,9,12,4.56,.222,.410,.295,.281,.188,89.2,19.5,8.8,
Corbin, Patrick,571578,2019,29,14,7,3.25,.228,.414,.304,.296,.186,89.9,8.4,9.4,
Fiers, Mike,571666,2019,34,15,4,3.90,.260,.463,.336,.323,.203,88.1,15.7,7.2,
Matz, Steven,571927,2019,28,11,10,4.21,.255,.450,.326,.319,.195,88.9,10.3,8.6,
Mikolas, Miles,571945,2019,30,9,14,4.16,.278,.451,.330,.321,.173,88.5,10.3,6.1,
Paxton, James,572020,2019,30,15,6,3.82,.221,.379,.291,.291,.159,89.2,17.6,7.4,
Stroman, Marcus,573186,2019,28,10,13,3.22,.242,.370,.292,.300,.128,88.2,5.6,4.1,
Kikuchi, Yusei,579328,2019,28,6,11,5.46,.278,.477,.345,.335,.199,89.2,12.3,7.7,
Gray, Jon,592351,2019,27,11,8,3.84,.268,.426,.328,.337,.158,89.9,8.4,5.9,
Ray, Robbie,592662,2019,27,12,8,4.34,.228,.429,.322,.323,.201,88.9,14.8,10.7,
Sampson, Adrian,592716,2019,27,6,8,5.89,.293,.540,.372,.349,.247,91,15.5,10.1,
Sanchez, Aaron,592717,2019,26,5,14,5.89,.261,.435,.343,.357,.174,89.8,8.9,7.6,
Smith, Caleb,592761,2019,27,10,11,4.52,.226,.460,.323,.305,.234,88.7,23.6,10.9,
Smyly, Drew,592767,2019,30,4,7,6.24,.262,.516,.362,.343,.254,89,17.8,9.8,
Syndergaard, Noah,592789,2019,26,10,8,4.28,.230,.365,.280,.281,.135,86.8,9.8,4.9,
Velasquez, Vince,592826,2019,27,7,8,4.91,.248,.467,.335,.325,.218,90.8,17.7,10.2,
Williams, Trevor,592866,2019,27,7,9,5.38,.272,.478,.341,.330,.206,88,17.2,8.3,
German, Domingo,593334,2019,26,18,4,4.03,.244,.444,.316,.300,.201,89.4,15.2,8.8,
Rodriguez, Eduardo,593958,2019,26,19,6,3.81,.222,.376,.293,.298,.154,86.3,9.3,5.9,
deGrom, Jacob,594798,2019,31,11,8,2.43,.201,.319,.250,.254,.118,86.5,13.2,4.8,
Gonzales, Marco,594835,2019,27,16,13,3.99,.254,.407,.311,.311,.153,88.3,14.7,4.9,
Beede, Tyler,595881,2019,26,5,10,5.08,.264,.471,.343,.336,.208,91.3,11.5,8.4,
Junis, Jakob,596001,2019,26,9,14,5.24,.270,.480,.345,.335,.210,90.1,12.7,8.6,
Norris, Daniel,596057,2019,26,3,13,4.49,.266,.475,.335,.316,.210,90.9,11.7,8.8,
Bassitt, Chris,605135,2019,30,10,5,3.81,.232,.387,.302,.308,.155,87.8,15,4.9,
Bundy, Dylan,605164,2019,26,7,14,4.79,.239,.404,.309,.308,.166,88.2,14,5.9,
Davies, Zach,605200,2019,26,10,7,3.55,.276,.464,.339,.333,.188,88.7,13.8,7.2,
Lopez, Jorge,605347,2019,26,4,9,6.33,.270,.512,.361,.340,.242,90.4,10.2,11.9,
Musgrove, Joe,605397,2019,26,11,12,4.44,.250,.424,.308,.298,.174,88.9,11.7,6.4,
Nola, Aaron,605400,2019,26,12,7,3.87,.235,.395,.310,.318,.159,89.2,9.2,6.8,
Turnbull, Spencer,605513,2019,26,3,17,4.61,.251,.419,.328,.336,.168,89.6,9.6,6.7,
Means, John,607644,2019,26,12,11,3.60,.236,.417,.302,.288,.181,87.5,20,6.8,
Fried, Max,608331,2019,25,17,6,4.02,.247,.380,.297,.304,.133,89.2,4.3,4.4,
Giolito, Lucas,608337,2019,24,14,9,3.41,.215,.368,.283,.284,.154,88.1,17.7,9.4,
Wacha, Michael,608379,2019,27,6,7,4.76,.276,.491,.356,.350,.214,88.2,9.7,7.8,
Marquez, German,608566,2019,24,12,5,4.76,.270,.458,.327,.311,.188,91.1,7.2,7.9,
Eflin, Zach,621107,2019,25,10,13,4.13,.247,.416,.307,.305,.168,88.2,12,6.9,
Buehler, Walker,621111,2019,24,14,4,3.26,.228,.369,.277,.274,.141,89.3,12.8,5.4,
Berrios, Jose,621244,2019,25,14,8,3.68,.245,.416,.304,.297,.172,87,13.9,6.5,
Castillo, Luis,622491,2019,26,15,8,3.40,.205,.328,.278,.294,.123,87.2,5.8,5.1,
Senzatela, Antonio,622608,2019,24,11,11,6.71,.296,.478,.362,.370,.182,90.1,4.9,6.1,
Lopez, Reynaldo,625643,2019,25,10,15,5.38,.259,.470,.338,.326,.210,88.8,17.7,7.6,
Maeda, Kenta,628317,2019,31,10,8,4.04,.214,.342,.274,.283,.128,86.1,15.4,5.5,
Chirinos, Yonny,630023,2019,25,9,5,3.85,.256,.451,.318,.300,.195,88.1,11.5,8.8,
Hudson, Dakota,641712,2019,24,16,7,3.35,.263,.422,.337,.356,.159,89.3,3.3,6.8,
Keller, Brad,641745,2019,23,7,14,4.19,.257,.415,.329,.341,.158,89.1,9.1,5.9,
Lauer, Eric,641778,2019,24,8,10,4.45,.247,.419,.312,.311,.172,89.8,14.1,5.9,
Mahle, Tyler,641816,2019,24,3,12,5.14,.249,.426,.313,.304,.177,89.2,9.4,7.5,
Sparkman, Glenn,642098,2019,27,4,11,6.02,.289,.513,.362,.344,.225,90.8,14.2,7.7,
Yarbrough, Ryan,642232,2019,27,11,6,4.13,.250,.390,.291,.289,.140,84.9,15.2,7,
Jurado, Ariel,642558,2019,23,7,11,5.81,.293,.520,.367,.346,.227,90,9.6,10,
Brault, Steven,643230,2019,27,4,6,5.16,.256,.436,.337,.345,.180,90.5,10.2,6.1,
Alcantara, Sandy,645261,2019,23,6,14,3.88,.244,.424,.322,.325,.180,87.3,11.8,6.5,
Soroka, Michael,647336,2019,21,13,4,2.68,.258,.391,.306,.310,.133,88.2,6.7,5.1,
Flaherty, Jack,656427,2019,23,11,8,2.75,.215,.367,.279,.278,.151,86.6,15.5,6.9,
Thornton, Trent,663423,2019,25,6,9,4.84,.256,.431,.327,.329,.174,88.2,16.8,7.4,
Paddack, Chris,663978,2019,23,9,7,3.33,.217,.385,.279,.268,.168,87.8,15.7,7.1,
Lucchesi, Joey,664192,2019,26,10,10,4.18,.227,.391,.297,.294,.163,88.3,11.4,7.2,
Bieber, Shane,669456,2019,24,15,8,3.28,.236,.418,.295,.278,.182,90.6,12.6,8.5,
Richards, Trevor,670950,2019,26,6,12,4.06,.235,.410,.312,.318,.175,88.5,17.8,6.4,
Wainwright, Adam,425794,2020,38,5,3,3.15,.265,.436,.324,.312,.171,87.3,12,6.3,
Greinke, Zack,425844,2020,36,3,3,4.03,.249,.421,.299,.276,.172,86.8,11.7,8.2,
Sanchez, Anibal,434671,2020,36,4,5,6.62,.284,.479,.354,.345,.195,88.9,13.5,9.4,
Lester, Jon,452657,2020,36,3,3,5.16,.279,.517,.363,.334,.238,88.9,11.9,12.3,
Scherzer, Max,453286,2020,35,5,4,3.74,.252,.432,.321,.312,.179,88.5,18.7,8.4,
Arrieta, Jake,453562,2020,34,4,4,5.08,.291,.455,.359,.356,.165,88.9,6.7,7.8,
Cueto, Johnny,456501,2020,34,2,3,5.40,.261,.417,.336,.340,.156,87.9,13,5.7,
Happ, J.A.,457918,2020,37,2,2,3.47,.221,.343,.279,.286,.121,88.1,12.7,5.1,
Lindblom, Josh,458676,2020,33,2,4,5.16,.245,.379,.310,.320,.134,87.8,21.6,5,
Lynn, Lance,458681,2020,33,6,3,3.32,.208,.350,.279,.279,.142,88.6,17.5,5.4,
Carrasco, Carlos,471911,2020,33,3,4,2.91,.222,.368,.300,.304,.146,88,10.3,8.3,
Anderson, Brett,474463,2020,32,4,4,4.21,.274,.447,.334,.323,.173,89.1,4.4,6.4,
Kershaw, Clayton,477132,2020,32,6,2,2.16,.215,.383,.271,.247,.168,87.8,7.9,8,
Minor, Mike,501985,2020,32,1,6,5.56,.234,.436,.317,.301,.201,87.5,17.6,10.3,
Gibson, Kyle,502043,2020,32,2,6,5.35,.284,.452,.360,.370,.169,88.2,6.2,7.2,
Cobb, Alex,502171,2020,32,2,5,4.30,.306,.502,.376,.368,.196,91.3,3.8,9.5,
Darvish, Yu,506433,2020,33,8,3,2.01,.228,.346,.269,.269,.118,88.7,11.9,6.4,
Bumgarner, Madison,518516,2020,30,1,4,6.48,.302,.608,.409,.371,.306,89.5,17.3,14.9,
Duffy, Danny,518633,2020,31,4,4,4.95,.248,.442,.331,.322,.194,88.7,19.6,7.5,
Porcello, Rick,519144,2020,31,1,7,5.64,.293,.467,.348,.339,.174,87.2,16.4,8.4,
Perez, Martin,527048,2020,29,3,5,4.50,.250,.422,.334,.340,.172,86.3,14.3,7.6,
Anderson, Tyler,542881,2020,30,4,3,4.37,.263,.418,.334,.343,.156,86.8,21.6,5.8,
Cole, Gerrit,543037,2020,29,7,3,2.84,.198,.381,.274,.252,.183,90.4,16.4,9.1,
Eovaldi, Nathan,543135,2020,30,4,2,3.72,.254,.430,.314,.295,.176,90.1,8.6,8.8,
Gray, Sonny,543243,2020,30,5,3,3.70,.235,.345,.304,.327,.110,86.8,6.8,3.7,
Hendricks, Kyle,543294,2020,30,6,5,2.88,.237,.382,.274,.257,.146,86.1,11,4.5,
Lyles, Jordan,543475,2020,29,1,6,7.02,.272,.466,.352,.341,.195,89.6,14.5,7.8,
Roark, Tanner,543699,2020,33,2,3,6.80,.280,.544,.383,.361,.265,89.2,18,13,
Bauer, Trevor,545333,2020,29,5,4,1.73,.163,.286,.225,.223,.124,88.5,20.9,6.3,
Tanaka, Masahiro,547888,2020,31,3,3,3.56,.244,.437,.309,.283,.193,88.5,12.9,9.1,
Ryu, Hyun Jin,547943,2020,33,5,2,2.69,.233,.334,.274,.284,.101,87,9.6,3.2,
Stripling, Ross,548389,2020,30,3,3,5.84,.296,.546,.385,.358,.250,91.2,12.3,10.6,
Wheeler, Zack,554430,2020,30,4,2,2.92,.250,.349,.293,.310,.099,85.7,3.8,3.8,
Boyd, Matthew,571510,2020,29,3,7,6.71,.258,.479,.349,.332,.220,87.4,15.4,10.9,
Corbin, Patrick,571578,2020,30,2,7,4.66,.289,.470,.344,.332,.180,90.7,11.9,6.5,
Fiers, Mike,571666,2020,35,6,3,4.58,.261,.448,.335,.321,.187,88.6,20.3,7.5,
Heaney, Andrew,571760,2020,29,4,3,4.46,.250,.445,.322,.305,.195,88.6,16.3,7.4,
Richards, Garrett,572070,2020,32,2,2,4.03,.247,.446,.328,.314,.199,89.8,14.6,8.8,
Keuchel, Dallas,572971,2020,32,6,2,1.99,.278,.393,.317,.326,.116,86.8,5.6,4,
Kikuchi, Yusei,579328,2020,29,2,4,5.17,.227,.319,.282,.305,.092,89.4,4.3,3.9,
Gausman, Kevin,592332,2020,29,3,3,3.62,.229,.386,.291,.281,.157,88,13.1,7.4,
Ray, Robbie,592662,2020,28,2,5,6.62,.254,.487,.379,.389,.233,91.6,22.9,13.1,
Walker, Taijuan,592836,2020,27,4,3,2.70,.254,.452,.340,.330,.199,88.4,14,7.2,
Williams, Trevor,592866,2020,28,2,8,6.18,.263,.446,.343,.337,.183,87.2,12.3,6.7,
Montas, Frankie,593423,2020,27,3,5,5.60,.249,.433,.330,.325,.184,88.1,17.1,7.8,
deGrom, Jacob,594798,2020,32,4,2,2.38,.194,.333,.256,.248,.138,88.2,11.6,9.6,
Gonzales, Marco,594835,2020,28,7,2,3.10,.243,.430,.301,.274,.187,86.6,17.6,8.4,
Weaver, Luke,596133,2020,26,1,9,6.58,.253,.464,.333,.312,.211,89.8,19.3,9.3,
Bassitt, Chris,605135,2020,31,5,2,2.29,.242,.390,.301,.297,.149,88.2,12.5,5.9,
Bundy, Dylan,605164,2020,27,6,3,3.29,.215,.333,.270,.277,.119,87,14.5,4.6,
Davies, Zach,605200,2020,27,7,4,2.73,.269,.476,.344,.321,.207,87.5,14.6,10.3,
Houser, Adrian,605288,2020,27,1,6,5.30,.268,.408,.333,.342,.140,86.3,1.4,5.6,
Nola, Aaron,605400,2020,27,5,5,3.28,.223,.355,.284,.289,.132,88.3,8.6,5.4,
Snell, Blake,605483,2020,27,4,2,3.24,.233,.406,.310,.301,.174,87.8,6.6,9.8,
Turnbull, Spencer,605513,2020,27,4,4,3.97,.276,.431,.354,.371,.155,91.1,8.5,6.3,
Woodruff, Brandon,605540,2020,27,3,5,3.05,.199,.339,.264,.259,.141,86.7,13.3,7.2,
Glasnow, Tyler,607192,2020,26,5,1,4.08,.190,.362,.274,.264,.172,90.4,13.4,8.8,
Fedde, Erick,607200,2020,27,2,4,4.29,.278,.467,.358,.360,.189,89.6,2.5,8.3,
Freeland, Kyle,607536,2020,27,2,3,4.33,.284,.436,.344,.346,.152,87.3,7.4,5.6,
Fried, Max,608331,2020,26,7,0,2.25,.202,.288,.263,.283,.087,83.4,6.4,3.3,
Giolito, Lucas,608337,2020,25,4,3,3.48,.196,.323,.270,.279,.126,87,15.2,5.6,
Marquez, German,608566,2020,25,4,6,3.75,.259,.391,.315,.315,.132,88.8,7.2,4.9,
Voth, Austin,608723,2020,28,2,5,6.34,.266,.502,.356,.338,.237,89.4,21.2,9.4,
Eflin, Zach,621107,2020,26,4,2,3.97,.226,.366,.283,.277,.140,87.4,7.9,7.5,
McCullers Jr., Lance,621121,2020,26,3,3,3.93,.243,.408,.327,.328,.165,89.3,3.8,10.3,
Mills, Alec,621219,2020,28,5,5,4.48,.263,.462,.342,.326,.199,86.9,10.1,9.2,
Berrios, Jose,621244,2020,26,5,4,4.00,.248,.400,.323,.329,.152,88.7,14,6.3,
Young, Alex,622065,2020,26,2,4,5.44,.290,.551,.378,.341,.261,90,15.3,12.7,
Castillo, Luis,622491,2020,27,4,6,3.21,.210,.314,.266,.277,.104,86,2.2,4.5,
Senzatela, Antonio,622608,2020,25,5,3,3.44,.273,.429,.330,.325,.156,88.3,9.1,5.4,
Castellani, Ryan,624418,2020,24,1,4,5.82,.292,.540,.406,.406,.249,90.9,17.8,7.5,
Maeda, Kenta,628317,2020,32,6,1,2.70,.208,.351,.257,.241,.142,85.3,10.8,7,
Urias, Julio,628711,2020,23,3,0,3.27,.217,.366,.286,.282,.149,87.1,21.7,5,
Manaea, Sean,640455,2020,28,4,3,4.50,.266,.415,.306,.294,.149,90.6,9.4,7.1,
Lopez, Pablo,641154,2020,24,6,4,3.61,.217,.338,.276,.283,.122,85.7,6.7,4.3,
Keller, Brad,641745,2020,24,5,3,2.47,.270,.397,.323,.334,.126,89.2,7.5,3.7,
Kuhl, Chad,641771,2020,27,2,3,4.27,.271,.508,.386,.383,.237,89.5,14.4,13.1,
Mahle, Tyler,641816,2020,25,2,2,3.59,.189,.345,.284,.288,.156,87.4,20.8,6,
Yarbrough, Ryan,642232,2020,28,1,4,3.56,.253,.389,.307,.312,.137,82.6,10.9,5.8,
Dunn, Justin,643290,2020,24,4,1,4.34,.246,.484,.373,.376,.238,92,21,11,
Civale, Aaron,650644,2020,25,4,6,4.74,.266,.436,.322,.309,.171,87.1,10.4,6.7,
Canning, Griffin,656288,2020,24,2,3,3.99,.232,.423,.320,.312,.190,88.9,18.9,8.9,
Cease, Dylan,656302,2020,24,5,4,4.01,.279,.513,.389,.389,.234,89.8,15.2,8.8,
Montgomery, Jordan,656756,2020,27,2,3,5.11,.250,.404,.304,.293,.154,84.6,11.5,6,
Peterson, David,656849,2020,24,6,2,3.44,.230,.388,.321,.331,.159,87.4,13,7.2,
Sheffield, Justus,656954,2020,24,4,3,3.58,.256,.366,.312,.330,.110,90.7,9.6,3.7,
Webb, Logan,657277,2020,23,3,4,5.47,.281,.414,.347,.371,.133,88.4,6,5.4,
Lamet, Dinelson,659275,2020,27,3,1,2.09,.187,.317,.259,.261,.130,88.7,16.9,7.3,
Bubic, Kris,663460,2020,22,1,6,4.32,.272,.452,.349,.351,.180,87.1,11.5,8.1,
Singer, Brady,663903,2020,23,4,5,4.06,.231,.369,.301,.306,.137,88.5,9,4.5,
Paddack, Chris,663978,2020,24,4,5,4.73,.276,.489,.346,.317,.213,90.9,9.3,11,
Brubaker, JT,664141,2020,26,1,3,4.94,.241,.403,.322,.318,.163,87.1,11.2,8,
Valdez, Framber,664285,2020,26,5,3,3.57,.239,.379,.301,.298,.140,91.4,-0.8,7.9,
Javier, Cristian,664299,2020,23,5,2,3.48,.187,.348,.271,.265,.161,86.9,25.1,6.4,
Luzardo, Jesus,666200,2020,22,3,2,4.12,.256,.413,.318,.316,.158,88.9,10.5,7.1,
Plesac, Zach,668676,2020,25,4,2,2.28,.228,.412,.285,.255,.184,87.8,16.8,9.9,
Gallen, Zac,668678,2020,24,3,2,2.75,.226,.369,.296,.299,.144,87,12.4,7.2,
May, Dustin,669160,2020,22,3,1,2.57,.255,.411,.315,.311,.156,87.9,6.3,6.7,
Burnes, Corbin,669203,2020,25,4,1,2.11,.191,.322,.273,.282,.131,86.9,9.7,7.2,
Bieber, Shane,669456,2020,25,8,1,1.63,.186,.320,.251,.247,.134,89.3,9.6,7.2,
Dobnak, Randy,677976,2020,25,6,4,4.05,.262,.378,.312,.325,.117,87.8,1.2,5.2,
Wainwright, Adam,425794,2021,39,17,7,3.05,.251,.388,.302,.305,.137,88.2,10,6.2,
Greinke, Zack,425844,2021,37,11,6,4.16,.266,.430,.319,.307,.164,88.3,10.6,6.5,
Hill, Rich,448179,2021,41,7,8,3.86,.240,.414,.323,.323,.174,88.3,18,8.9,
Morton, Charlie,450203,2021,37,14,6,3.34,.217,.332,.282,.295,.115,88.1,7.7,4.9,
Lester, Jon,452657,2021,37,7,6,4.71,.274,.453,.343,.342,.179,88.3,10.4,7.7,
Scherzer, Max,453286,2021,36,15,4,2.46,.196,.353,.263,.249,.157,87.9,19.3,8,
Happ, J.A.,457918,2021,38,10,8,5.79,.275,.503,.356,.330,.228,90.2,16.4,11.6,
Lynn, Lance,458681,2021,34,11,6,2.69,.198,.322,.256,.258,.124,87.7,16,5.8,
Miley, Wade,489119,2021,34,12,7,3.37,.252,.398,.311,.311,.146,85.7,8,6.1,
Minor, Mike,501985,2021,33,8,12,5.05,.245,.449,.321,.297,.204,88.5,16.5,9.3,
Gibson, Kyle,502043,2021,33,10,9,3.71,.241,.367,.302,.314,.127,88.8,7.4,4.9,
Darvish, Yu,506433,2021,34,8,11,4.22,.208,.376,.282,.269,.168,88.2,16.6,8.8,
Bumgarner, Madison,518516,2021,31,7,10,4.67,.245,.432,.319,.307,.187,88.8,18.5,7.5,
Harvey, Matt,518774,2021,32,6,14,6.27,.289,.476,.351,.340,.188,89.5,13.3,7.9,
Kelly, Merrill,518876,2021,32,7,11,4.44,.271,.432,.324,.320,.161,89,12.9,6.3,
Perez, Martin,527048,2021,30,7,8,4.74,.280,.470,.356,.345,.190,88.6,10.2,9.3,
Anderson, Tyler,542881,2021,31,7,11,4.53,.259,.425,.315,.301,.166,87,18.2,8.5,
Cole, Gerrit,543037,2021,30,16,8,3.23,.209,.369,.273,.257,.160,88.7,12.5,9.8,
DeSclafani, Anthony,543101,2021,31,13,7,3.17,.241,.410,.304,.291,.169,88.9,11.6,8.1,
Eovaldi, Nathan,543135,2021,31,11,9,3.75,.238,.366,.283,.281,.127,88,12.8,6.3,
Gray, Sonny,543243,2021,31,7,9,4.19,.216,.325,.279,.296,.109,86.6,8.8,4.7,
Hendricks, Kyle,543294,2021,31,14,7,4.77,.276,.455,.339,.329,.179,86.3,11.1,8.4,
Lyles, Jordan,543475,2021,30,10,13,5.15,.275,.482,.351,.334,.207,89.9,15.3,9.1,
Ryu, Hyun Jin,547943,2021,34,14,10,4.37,.265,.440,.323,.306,.175,89.6,9.8,8.5,
Wheeler, Zack,554430,2021,31,14,10,2.78,.215,.318,.258,.265,.103,84.6,8.4,4.6,
Corbin, Patrick,571578,2021,31,9,16,5.82,.282,.493,.358,.342,.211,89.4,9,9.2,
Heaney, Andrew,571760,2021,30,8,9,5.83,.237,.431,.318,.303,.194,89.3,18.5,9.4,
Matz, Steven,571927,2021,30,14,7,3.82,.253,.396,.310,.309,.143,87.8,9.6,7,
Richards, Garrett,572070,2021,33,7,8,4.87,.285,.464,.357,.359,.180,91.1,10.6,8.5,
Keuchel, Dallas,572971,2021,33,9,9,5.28,.302,.493,.372,.366,.191,88.3,5,9,
Stroman, Marcus,573186,2021,30,10,13,3.02,.262,.418,.318,.313,.156,89.1,6.3,6.5,
Kikuchi, Yusei,579328,2021,30,7,9,4.41,.261,.463,.347,.336,.202,91.9,7.9,11,
Foltynewicz, Mike,592314,2021,29,2,12,5.44,.266,.490,.349,.323,.224,89.8,16.1,9.2,
Gausman, Kevin,592332,2021,30,14,6,2.81,.230,.381,.290,.284,.151,89.1,12.1,7.1,
Gray, Jon,592351,2021,29,8,12,4.59,.235,.378,.305,.313,.143,89,9.5,6.9,
Ray, Robbie,592662,2021,29,13,7,2.84,.219,.398,.293,.276,.180,90.4,17.6,9.8,
Smyly, Drew,592767,2021,32,11,4,4.48,.267,.471,.342,.327,.203,88.8,14.9,10.1,
Taillon, Jameson,592791,2021,29,8,6,4.30,.230,.401,.304,.295,.171,88.9,20.9,8.2,
Walker, Taijuan,592836,2021,28,7,11,4.47,.245,.442,.328,.314,.197,89.1,12.4,10,
Montas, Frankie,593423,2021,28,13,9,3.37,.237,.404,.307,.300,.167,89.3,11.6,8.7,
Rodriguez, Eduardo,593958,2021,28,13,8,4.74,.233,.366,.288,.289,.133,86.5,12.3,6.8,
Gonzales, Marco,594835,2021,29,10,6,3.96,.257,.483,.341,.317,.226,88.1,20.6,11.4,
Pivetta, Nick,601713,2021,28,9,8,4.53,.220,.385,.301,.302,.166,89.7,16.7,8.2,
Bassitt, Chris,605135,2021,32,12,4,3.15,.227,.362,.286,.288,.135,87.6,12.5,6.5,
Davies, Zach,605200,2021,28,6,12,5.78,.293,.487,.375,.379,.193,89.8,11,9.1,
Houser, Adrian,605288,2021,28,10,6,3.22,.240,.359,.312,.334,.119,87.1,1.4,5,
Lopez, Jorge,605347,2021,28,3,14,6.07,.275,.449,.353,.360,.174,89.7,5.7,9.3,
Musgrove, Joe,605397,2021,28,11,9,3.18,.236,.387,.304,.309,.151,87.8,11.6,7.2,
Nola, Aaron,605400,2021,28,9,9,4.63,.223,.378,.283,.273,.155,88.9,14.4,7.1,
Snell, Blake,605483,2021,28,7,6,4.20,.233,.431,.335,.334,.198,89.3,12.5,11,
Woodruff, Brandon,605540,2021,28,9,10,2.56,.226,.353,.280,.281,.127,86.2,10.6,5.8,
Rodon, Carlos,607074,2021,28,13,5,2.37,.189,.314,.254,.256,.126,89.2,18.7,6.6,
Fedde, Erick,607200,2021,28,7,9,5.47,.263,.457,.337,.328,.194,89.8,7.3,9.3,
Freeland, Kyle,607536,2021,28,7,8,4.33,.247,.414,.314,.308,.168,88.4,11.4,8.2,
Means, John,607644,2021,28,6,9,3.62,.242,.441,.309,.281,.199,87.9,20.3,10.1,
Fried, Max,608331,2021,27,14,7,3.04,.234,.364,.288,.289,.130,86.5,6.1,6.3,
Giolito, Lucas,608337,2021,26,11,9,3.53,.221,.362,.280,.278,.141,87.7,18.3,6.7,
Irvin, Cole,608344,2021,27,10,15,4.24,.281,.445,.338,.331,.164,89.3,16.2,7.3,
Wacha, Michael,608379,2021,29,3,5,5.05,.283,.499,.355,.330,.216,89.9,13.3,10.5,
Marquez, German,608566,2021,26,12,11,4.40,.250,.390,.310,.319,.140,88.9,5.2,5.3,
Quantrill, Cal,615698,2021,26,8,3,2.89,.244,.387,.308,.312,.144,87.6,12.2,6.8,
Kaprielian, James,621076,2021,27,8,5,4.07,.239,.437,.324,.310,.198,90.1,19,9.3,
Buehler, Walker,621111,2021,26,16,4,2.47,.218,.345,.272,.274,.127,88.2,11.1,6.8,
McCullers Jr., Lance,621121,2021,27,13,5,3.16,.208,.315,.284,.308,.106,89.8,5.1,5.3,
Mills, Alec,621219,2021,29,6,7,5.07,.280,.429,.334,.337,.149,88.3,7.8,4.9,
Berrios, Jose,621244,2021,27,12,9,3.52,.242,.407,.311,.301,.166,88.4,12.4,9.1,
Wood, Alex,622072,2021,30,10,4,3.83,.240,.377,.304,.311,.137,89.7,7.1,5.3,
Castillo, Luis,622491,2021,28,8,16,3.98,.232,.347,.294,.312,.115,87.7,4.2,4.5,
Senzatela, Antonio,622608,2021,26,4,10,4.42,.273,.414,.319,.317,.141,90.4,8.1,5.9,
Flexen, Chris,623167,2021,26,14,6,3.61,.261,.427,.317,.305,.166,89.5,11.5,6.3,
Urias, Julio,628711,2021,24,20,3,2.96,.219,.360,.273,.266,.141,86,15.5,5.3,
Crowe, Wil,640444,2021,26,4,8,5.48,.255,.456,.348,.345,.201,88.8,13.7,9.4,
Manaea, Sean,640455,2021,29,11,10,3.91,.249,.419,.312,.300,.170,90.2,13.3,8,
Alzolay, Adbert,640470,2021,26,5,13,4.58,.249,.451,.326,.306,.203,89.3,10.8,9.9,
Dunning, Dane,641540,2021,26,5,10,4.51,.265,.419,.333,.338,.154,89.2,6.7,8.1,
Keller, Brad,641745,2021,25,8,12,5.39,.292,.505,.380,.374,.213,90,7.9,10.9,
Mahle, Tyler,641816,2021,26,13,6,3.75,.229,.363,.298,.305,.134,87.8,13.3,6.5,
Yarbrough, Ryan,642232,2021,29,9,7,5.11,.271,.436,.322,.312,.164,84.8,17.3,7.8,
Peralta, Freddy,642547,2021,25,10,5,2.81,.174,.289,.253,.269,.115,86.6,21.4,6,
Alcantara, Sandy,645261,2021,25,9,15,3.19,.232,.369,.288,.287,.136,87.6,4.5,6.1,
Cease, Dylan,656302,2021,25,13,7,3.91,.210,.364,.295,.297,.154,89.2,18.5,9.9,
Montgomery, Jordan,656756,2021,28,6,7,3.83,.248,.404,.310,.307,.156,87.9,12.1,7.4,
Webb, Logan,657277,2021,24,11,3,3.03,.229,.329,.276,.288,.099,88.1,-0.5,5.6,
Ohtani, Shohei,660271,2021,26,9,2,3.18,.207,.344,.282,.288,.137,88.4,11.7,7.1,
Bubic, Kris,663460,2021,23,6,7,4.43,.256,.456,.349,.344,.200,88.8,9.1,9,
Allard, Kolby,663465,2021,23,3,12,5.41,.266,.481,.343,.315,.215,89.8,15.2,10.6,
Mize, Casey,663554,2021,24,7,9,3.71,.254,.462,.338,.319,.208,89.1,9.3,10,
McClanahan, Shane,663556,2021,24,10,6,3.43,.263,.436,.328,.319,.173,91.7,8.5,10.7,
Singer, Brady,663903,2021,24,5,10,4.91,.258,.398,.326,.338,.140,88.5,7,5.6,
Brubaker, JT,664141,2021,27,5,13,5.36,.252,.440,.329,.318,.188,88.9,12.6,8.8,
Valdez, Framber,664285,2021,27,11,6,3.14,.231,.343,.301,.324,.112,90.8,-5.5,5.8,
Anderson, Ian,666120,2021,23,9,5,3.58,.240,.410,.317,.317,.170,88.3,6.4,9.5,
Plesac, Zach,668676,2021,26,10,6,4.67,.255,.455,.325,.305,.201,90.6,12.1,9.4,
Gallen, Zac,668678,2021,25,4,10,4.30,.230,.382,.306,.311,.152,89.2,12.3,7.9,
Burnes, Corbin,669203,2021,26,11,5,2.43,.180,.256,.219,.230,.076,85.5,8.4,3.1,
Gilbert, Logan,669302,2021,24,6,5,4.68,.242,.428,.311,.294,.185,90.1,19.2,8.8,
Skubal, Tarik,669373,2021,24,8,12,4.34,.267,.508,.357,.327,.241,90.5,14.1,13.9,
Rogers, Trevor,669432,2021,23,7,8,2.64,.223,.343,.284,.296,.120,87.7,12.5,5,
Garcia, Luis,677651,2021,24,11,8,3.48,.236,.394,.304,.301,.158,88.1,15.9,7.3,
Wainwright, Adam,425794,2022,40,11,12,3.71,.270,.419,.328,.326,.148,87.8,11,6.5,
Greinke, Zack,425844,2022,38,4,9,3.68,.284,.441,.336,.322,.157,88.9,12.6,6.8,
Verlander, Justin,434378,2022,39,18,4,1.75,.207,.331,.255,.248,.124,87.8,16.9,6.3,
Kluber, Corey,446372,2022,36,10,10,4.34,.261,.416,.310,.294,.155,87.1,18.5,6.9,
Hill, Rich,448179,2022,42,8,7,4.27,.240,.411,.313,.300,.171,88.2,14.9,8.2,
Morton, Charlie,450203,2022,38,9,6,4.34,.228,.389,.314,.314,.161,89.3,13.6,9.5,
Scherzer, Max,453286,2022,37,11,5,2.29,.202,.339,.265,.253,.137,87.8,21.3,8.4,
Cueto, Johnny,456501,2022,36,8,10,3.35,.263,.408,.311,.305,.145,87.7,13.3,7.3,
Lynn, Lance,458681,2022,35,8,7,3.99,.243,.387,.296,.286,.144,88.4,14.2,6.7,
Carrasco, Carlos,471911,2022,35,15,7,3.97,.253,.404,.313,.309,.152,88.4,9.7,7,
Quintana, Jose,500779,2022,33,6,7,2.93,.257,.377,.305,.312,.120,86.5,9.9,5.5,
Gibson, Kyle,502043,2022,34,10,8,5.05,.262,.420,.326,.320,.159,88.6,10.6,7.5,
Cobb, Alex,502171,2022,34,7,8,3.73,.235,.329,.277,.291,.094,89.2,1.8,3.7,
Darvish, Yu,506433,2022,35,16,8,3.10,.226,.388,.291,.275,.161,88.5,17,8.8,
Bumgarner, Madison,518516,2022,32,7,15,4.88,.276,.488,.358,.337,.211,90.3,16.8,9.8,
Kelly, Merrill,518876,2022,33,13,8,3.37,.230,.383,.296,.291,.153,88.5,14,8.3,
Perez, Martin,527048,2022,31,12,8,2.89,.242,.347,.295,.311,.105,88.2,8.1,4.3,
Anderson, Tyler,542881,2022,32,15,5,2.57,.225,.349,.275,.272,.124,85,16.9,4.9,
Cole, Gerrit,543037,2022,31,13,8,3.50,.214,.383,.284,.266,.169,89.4,12.6,9.5,
Lyles, Jordan,543475,2022,31,12,11,4.42,.267,.452,.341,.325,.184,88.6,15.3,10.4,
Stripling, Ross,548389,2022,32,10,4,3.01,.251,.395,.294,.281,.144,88.9,12.2,9.2,
Wheeler, Zack,554430,2022,32,12,7,2.82,.226,.343,.275,.278,.117,85.9,11.4,7.7,
Corbin, Patrick,571578,2022,32,6,19,6.31,.304,.520,.381,.359,.216,90.8,11.5,11,
Mikolas, Miles,571945,2022,33,12,13,3.29,.252,.400,.306,.294,.148,87.8,11,6.9,
Stroman, Marcus,573186,2022,31,6,7,3.50,.254,.389,.308,.306,.136,89,7,6.6,
Gausman, Kevin,592332,2022,31,12,10,3.35,.242,.380,.285,.272,.138,89,12.2,8.1,
Gray, Jon,592351,2022,30,7,7,3.96,.230,.367,.295,.296,.137,88,11.1,6.1,
Ray, Robbie,592662,2022,30,12,12,3.71,.223,.373,.295,.292,.150,89.7,14.7,7.9,
Syndergaard, Noah,592789,2022,29,10,10,3.94,.264,.420,.324,.312,.156,87.1,12.3,7.8,
Taillon, Jameson,592791,2022,30,14,5,3.91,.260,.432,.317,.297,.172,88.5,14.5,8.3,
Walker, Taijuan,592836,2022,29,12,5,3.49,.245,.395,.308,.305,.150,89.3,11.3,7.3,
Montas, Frankie,593423,2022,29,5,12,4.05,.242,.396,.310,.305,.155,87.6,11.2,8,
Gonzales, Marco,594835,2022,30,10,15,4.13,.267,.435,.330,.320,.169,86.7,14.5,7.2,
Gomber, Austin,596295,2022,28,5,7,5.56,.267,.440,.330,.316,.173,88.1,12.4,8.5,
Pivetta, Nick,601713,2022,29,10,12,4.56,.248,.433,.332,.324,.185,90.7,15.2,9,
Bassitt, Chris,605135,2022,33,15,9,3.42,.227,.359,.290,.291,.132,85.7,10.8,6.6,
Bundy, Dylan,605164,2022,29,8,8,4.89,.263,.440,.321,.300,.177,88.9,18.6,8.9,
Davies, Zach,605200,2022,29,2,5,4.09,.250,.430,.329,.321,.180,87.4,13,8,
Musgrove, Joe,605397,2022,29,10,7,2.93,.225,.350,.282,.284,.126,86.4,11.7,6,
Nola, Aaron,605400,2022,29,11,13,3.25,.211,.340,.259,.248,.129,87.7,12.5,7.1,
Snell, Blake,605483,2022,29,8,10,3.38,.207,.337,.279,.286,.130,90.1,17.1,7.4,
Springs, Jeffrey,605488,2022,29,9,5,2.46,.231,.364,.282,.276,.134,87.5,14.9,5.9,
Thompson, Zach,605507,2022,28,3,10,5.18,.281,.442,.346,.346,.161,88.3,11.3,6.4,
Woodruff, Brandon,605540,2022,29,13,4,3.05,.212,.349,.277,.273,.137,88.8,16.8,7.1,
Rodon, Carlos,607074,2022,29,14,8,2.88,.198,.309,.254,.260,.111,89,19.4,6.5,
Fedde, Erick,607200,2022,29,6,13,5.81,.283,.451,.356,.356,.167,89.5,13.4,8.1,
Freeland, Kyle,607536,2022,29,9,11,4.53,.271,.457,.347,.337,.186,89.8,12.7,9.7,
Fried, Max,608331,2022,28,14,7,2.48,.227,.328,.264,.266,.101,86.2,7.6,4,
Giolito, Lucas,608337,2022,27,11,9,4.90,.249,.397,.318,.319,.149,88.8,12.6,7.5,
Irvin, Cole,608344,2022,28,9,13,3.98,.258,.451,.324,.301,.192,89.4,15.5,9.6,
Wacha, Michael,608379,2022,30,11,2,3.32,.254,.446,.329,.306,.192,88.2,12.8,9.6,
Marquez, German,608566,2022,27,9,13,4.95,.256,.423,.327,.321,.167,90.5,9.1,7.1,
Quantrill, Cal,615698,2022,27,15,5,3.38,.258,.417,.321,.313,.159,87.6,13.8,7.5,
Kaprielian, James,621076,2022,28,5,9,4.23,.254,.415,.331,.336,.162,88.4,16.9,8,
Berrios, Jose,621244,2022,28,12,7,5.23,.275,.466,.346,.329,.191,90,13.9,9.5,
Wood, Alex,622072,2022,31,8,12,5.10,.248,.398,.310,.305,.150,88.6,8.5,7.1,
Castillo, Luis,622491,2022,29,8,6,2.99,.223,.344,.284,.291,.120,89,10.4,6.9,
Flexen, Chris,623167,2022,27,8,9,3.73,.256,.430,.331,.324,.174,89.1,18.4,9,
Suarez, Ranger,624133,2022,26,10,7,3.65,.241,.368,.302,.311,.127,87.5,5.1,6.8,
Urias, Julio,628711,2022,25,17,7,2.16,.205,.332,.262,.258,.128,86.7,17.2,6.7,
Manaea, Sean,640455,2022,30,8,9,4.96,.240,.407,.312,.301,.167,90.3,16.3,9.1,
Lopez, Pablo,641154,2022,26,10,10,3.75,.239,.378,.301,.302,.138,87.9,11,9,
Cortes Jr., Nestor,641482,2022,27,12,4,2.44,.204,.320,.257,.256,.115,87.9,19.2,5.3,
Dunning, Dane,641540,2022,27,4,8,4.46,.250,.400,.327,.332,.150,87.9,5.4,8.9,
Hudson, Dakota,641712,2022,27,8,7,4.45,.276,.409,.343,.361,.133,89,6.3,6,
Keller, Brad,641745,2022,26,6,14,5.09,.256,.405,.323,.327,.149,89.3,6.7,6.6,
Kuhl, Chad,641771,2022,29,6,11,5.72,.272,.466,.352,.345,.194,90.5,15.8,9.7,
Lauer, Eric,641778,2022,27,11,7,3.69,.240,.393,.311,.311,.154,88.8,17.7,8,
Mahle, Tyler,641816,2022,27,6,8,4.40,.214,.358,.291,.288,.144,88.7,17.9,7.5,
Alcantara, Sandy,645261,2022,26,14,9,2.28,.215,.331,.266,.268,.116,87.8,5.5,5.3,
Cease, Dylan,656302,2022,26,14,8,2.20,.184,.292,.257,.273,.109,86.8,15,6.2,
Keller, Mitch,656605,2022,26,5,12,3.91,.253,.383,.318,.331,.130,87.9,7.8,7.1,
Montgomery, Jordan,656756,2022,29,9,6,3.48,.258,.400,.310,.303,.143,88.5,9.8,7.1,
Rasmussen, Drew,656876,2022,26,11,7,2.84,.238,.375,.290,.283,.137,88.9,10.1,6.6,
Steele, Justin,657006,2022,26,4,7,3.18,.237,.336,.295,.316,.099,87.1,7.5,3.9,
Wright, Kyle,657140,2022,26,21,5,3.19,.244,.383,.306,.308,.139,89,4.4,6.8,
Otto Jr., Glenn,657248,2022,26,7,10,4.64,.247,.424,.343,.345,.177,89,13.2,8.9,
Webb, Logan,657277,2022,25,15,9,2.90,.247,.363,.295,.301,.116,88.9,3.1,5.5,
Ryan, Joe,657746,2022,26,13,8,3.55,.215,.373,.294,.289,.158,88.2,24.2,8.6,
Ohtani, Shohei,660271,2022,27,15,9,2.33,.204,.311,.256,.260,.107,87.1,14.5,6.3,
Bubic, Kris,663460,2022,24,3,13,5.58,.286,.455,.362,.367,.169,90,10.7,7.8,
McKenzie, Triston,663474,2022,24,11,11,2.96,.222,.397,.293,.274,.175,90.2,19.7,9.8,
McClanahan, Shane,663556,2022,25,12,8,2.54,.207,.333,.261,.257,.126,87.6,8.3,6.4,
Lynch IV, Daniel,663738,2022,25,4,13,5.13,.277,.450,.345,.344,.174,91.2,12.8,8.8,
Sandoval, Patrick,663776,2022,25,6,9,2.91,.246,.359,.307,.323,.114,87.3,11.4,5.7,
Singer, Brady,663903,2022,25,10,5,3.23,.247,.397,.309,.304,.150,89.3,8.6,8.2,
Brubaker, JT,664141,2022,28,3,12,4.69,.257,.413,.329,.330,.157,89.6,10.8,7.6,
Valdez, Framber,664285,2022,28,17,6,2.82,.227,.329,.284,.301,.102,89.8,-3.6,5.8,
Javier, Cristian,664299,2022,25,11,9,2.54,.168,.286,.244,.250,.118,88.4,25.4,7.2,
Urquidy, Jose,664353,2022,27,13,8,3.94,.256,.449,.329,.306,.193,89.7,17.2,9.4,
Kremer, Dean,665152,2022,26,8,7,3.23,.265,.423,.327,.321,.158,88.4,14.7,7.3,
Manoah, Alek,666201,2022,24,16,7,2.24,.224,.343,.284,.290,.118,87.5,16.9,5.4,
Plesac, Zach,668676,2022,27,3,12,4.31,.278,.474,.351,.333,.196,89.5,13,9.6,
Gallen, Zac,668678,2022,26,12,4,2.54,.213,.340,.278,.279,.127,87.8,10.8,7.8,
Greene, Hunter,668881,2022,22,5,13,4.44,.220,.393,.310,.305,.174,89.7,20.7,9.4,
Wilson, Bryse,669060,2022,24,3,9,5.52,.291,.474,.358,.347,.183,90.9,11.5,7.7,
Burnes, Corbin,669203,2022,27,12,8,2.94,.212,.336,.273,.275,.124,87.2,10,5.7,
Gilbert, Logan,669302,2022,25,13,6,3.20,.253,.408,.314,.308,.154,91,14.6,7.1,
Bieber, Shane,669456,2022,27,13,8,2.88,.245,.386,.292,.281,.141,89.9,10,7.2,
Kirby, George,669923,2022,24,8,5,3.39,.233,.379,.284,.271,.146,89.3,11.3,8.9,
Detmers, Reid,672282,2022,22,7,6,3.77,.243,.387,.312,.318,.144,89.3,16.7,8,
Strider, Spencer,675911,2022,23,11,5,2.67,.179,.279,.242,.254,.100,88,14.1,6.1,
Garcia, Luis,677651,2022,25,15,8,3.72,.228,.384,.294,.285,.156,88.4,17.1,7.8,
Gray, Josiah,680686,2022,24,7,10,5.02,.219,.419,.319,.308,.200,87.4,19.7,10.7,
Bradish, Kyle,680694,2022,25,4,7,4.90,.253,.404,.327,.331,.150,89.9,8.7,7.8,
Greinke, Zack,425844,2023,39,1,11,5.49,.290,.493,.350,.320,.202,89.3,11.2,8.5,
Verlander, Justin,434378,2023,40,6,5,3.15,.223,.344,.283,.288,.122,89.7,17.4,5.5,
Hill, Rich,448179,2023,43,7,10,4.76,.281,.479,.360,.351,.198,89.1,14.3,10.2,
Morton, Charlie,450203,2023,39,10,8,3.57,.256,.412,.333,.341,.156,88.3,7.9,7.9,
Scherzer, Max,453286,2023,38,9,4,4.01,.216,.409,.298,.275,.193,88.9,20.9,10,
Lynn, Lance,458681,2023,36,6,9,6.47,.250,.457,.338,.323,.207,89.1,15,10.9,
Kershaw, Clayton,477132,2023,35,10,4,2.55,.229,.386,.292,.282,.157,88.4,12.3,7.7,
Gibson, Kyle,502043,2023,35,9,6,4.68,.264,.425,.330,.325,.161,89.3,9.3,7.4,
Cobb, Alex,502171,2023,35,6,3,2.97,.269,.418,.323,.321,.149,89.5,0.7,6.5,
Darvish, Yu,506433,2023,36,8,7,4.53,.232,.367,.299,.304,.135,89.1,13,6.9,
Kelly, Merrill,518876,2023,34,9,5,3.23,.249,.398,.321,.326,.149,89.5,10.3,8.3,
Perez, Martin,527048,2023,32,8,4,4.98,.291,.481,.360,.352,.190,89.4,13.8,8.2,
Anderson, Tyler,542881,2023,33,5,2,4.98,.269,.422,.338,.343,.153,86.9,19.6,7.1,
Cole, Gerrit,543037,2023,32,9,2,2.64,.231,.377,.294,.291,.145,89,14.9,7.9,
DeSclafani, Anthony,543101,2023,33,4,8,4.88,.282,.481,.345,.322,.199,90.1,11.4,8.3,
Eovaldi, Nathan,543135,2023,33,11,3,2.69,.228,.370,.291,.289,.142,88.1,5.5,7,
Gray, Sonny,543243,2023,33,4,4,3.22,.251,.378,.311,.321,.128,89.5,9.5,6.6,
Lyles, Jordan,543475,2023,32,2,12,6.15,.262,.482,.344,.317,.220,88.7,19.4,10.2,
Lorenzen, Michael,547179,2023,31,5,7,3.58,.249,.419,.313,.301,.169,90.1,13.1,7.5,
Wheeler, Zack,554430,2023,33,8,5,3.74,.232,.342,.278,.279,.111,86.6,15.2,5.2,
Corbin, Patrick,571578,2023,33,7,11,5.07,.315,.517,.379,.362,.202,91,10.8,8.7,
Heaney, Andrew,571760,2023,32,7,6,4.62,.244,.435,.336,.332,.191,90.5,16.1,10.6,
Matz, Steven,571927,2023,32,2,7,4.06,.253,.379,.308,.316,.126,89.4,11.2,5,
Mikolas, Miles,571945,2023,34,6,6,4.38,.287,.464,.342,.328,.177,89.7,14.2,7.5,
Stroman, Marcus,573186,2023,32,10,7,3.51,.254,.365,.309,.327,.112,90.3,2.7,4.4,
Kikuchi, Yusei,579328,2023,32,8,3,3.79,.242,.449,.325,.303,.207,90.5,14.4,9.8,
Gausman, Kevin,592332,2023,32,8,5,3.10,.232,.406,.300,.283,.174,90.1,13,10.9,
Gray, Jon,592351,2023,31,6,5,3.66,.264,.412,.326,.333,.148,88.9,13.5,6.1,
Smyly, Drew,592767,2023,34,8,7,4.50,.251,.406,.316,.315,.155,87.3,19.3,6.7,
Taillon, Jameson,592791,2023,31,5,6,5.46,.269,.473,.346,.327,.204,88.5,17.6,10.5,
Walker, Taijuan,592836,2023,30,11,4,4.06,.242,.392,.315,.319,.150,88.4,9.9,6.8,
Williams, Trevor,592866,2023,31,5,6,4.72,.276,.475,.349,.333,.199,88.5,16.1,9.6,
German, Domingo,593334,2023,30,5,7,4.77,.236,.418,.317,.305,.182,88,16.9,9.4,
Rodriguez, Eduardo,593958,2023,30,6,5,2.95,.234,.376,.290,.286,.142,87.5,13.3,6.7,
Weaver, Luke,596133,2023,29,2,3,6.80,.286,.513,.366,.341,.227,89.6,15.9,10.8,
Gomber, Austin,596295,2023,29,8,8,5.83,.291,.511,.364,.339,.220,90.7,11.6,9.1,
Pivetta, Nick,601713,2023,30,7,5,4.11,.227,.417,.319,.313,.190,92,14.2,11.9,
Bassitt, Chris,605135,2023,34,10,5,3.91,.250,.420,.326,.322,.170,88.2,13.2,8.7,
Musgrove, Joe,605397,2023,30,10,3,3.05,.224,.345,.276,.280,.121,87.5,11.1,5.1,
Nola, Aaron,605400,2023,30,9,7,4.43,.238,.412,.302,.285,.174,89,13.9,8.2,
Snell, Blake,605483,2023,30,8,8,2.50,.212,.351,.305,.324,.139,86.7,11.2,8,
Rea, Colin,607067,2023,32,5,4,4.76,.244,.420,.316,.304,.176,90.3,13,6.9,
Freeland, Kyle,607536,2023,30,4,11,4.79,.283,.483,.354,.337,.200,89.9,13.8,8.2,
Lugo, Seth,607625,2023,33,4,5,3.62,.261,.443,.321,.300,.182,89.9,8.4,9.1,
Giolito, Lucas,608337,2023,28,6,7,3.85,.243,.440,.327,.313,.197,89.4,18.5,10.4,
Wacha, Michael,608379,2023,31,8,2,2.84,.245,.420,.317,.305,.175,87.8,18.8,7.4,
Eflin, Zach,621107,2023,29,11,6,3.64,.227,.377,.276,.259,.150,87.4,8.5,8.3,
Berrios, Jose,621244,2023,29,8,7,3.31,.256,.430,.328,.322,.174,87.8,11.4,8.4,
Castillo, Luis,622491,2023,30,7,7,2.88,.226,.410,.300,.281,.184,90,15.9,10,
Suarez, Ranger,624133,2023,27,2,5,4.22,.264,.419,.327,.327,.155,88.6,7.2,8.9,
Urias, Julio,628711,2023,26,7,6,4.98,.248,.438,.316,.296,.190,86.8,17.9,8.8,
Lopez, Pablo,641154,2023,27,5,6,4.13,.216,.362,.282,.278,.146,88,14.9,8,
Dunning, Dane,641540,2023,28,8,4,3.28,.274,.439,.339,.335,.166,89.2,10.7,7.5,
France, J.P.,641585,2023,28,6,3,2.87,.258,.425,.322,.311,.167,88.5,12.3,7.5,
Ober, Bailey,641927,2023,27,6,5,3.19,.232,.415,.299,.276,.183,88.6,20.4,9.5,
Peralta, Freddy,642547,2023,27,6,8,4.46,.226,.387,.307,.308,.161,88.4,14.6,9.2,
Alcantara, Sandy,645261,2023,27,4,9,4.46,.267,.408,.321,.322,.140,88.7,7.7,6.6,
Bielak, Brandon,656232,2023,27,5,6,3.74,.267,.458,.353,.350,.191,90.4,9.4,10.3,
Canning, Griffin,656288,2023,27,6,4,4.46,.236,.415,.312,.300,.179,91.5,10.7,8.9,
Cease, Dylan,656302,2023,27,4,4,4.15,.242,.384,.313,.322,.142,90.7,14.8,7.2,
Flaherty, Jack,656427,2023,27,7,6,4.43,.257,.389,.333,.352,.132,87.5,11.2,6.3,
Keller, Mitch,656605,2023,27,9,7,3.97,.238,.384,.304,.302,.146,86.9,9.7,9.4,
Kopech, Michael,656629,2023,27,4,10,4.49,.233,.463,.361,.357,.230,90.6,18.8,14.4,
Montgomery, Jordan,656756,2023,30,6,9,3.42,.256,.420,.320,.313,.164,88.5,11.4,8.6,
Steele, Justin,657006,2023,27,11,3,2.87,.238,.353,.286,.290,.115,86.4,10.3,6,
Webb, Logan,657277,2023,26,8,9,3.49,.242,.400,.296,.279,.158,90.7,2.6,8.4,
Schmidt, Clarke,657376,2023,27,7,6,4.39,.250,.423,.320,.309,.172,90.4,15.2,8.8,
Ryan, Joe,657746,2023,27,9,7,4.06,.216,.369,.274,.260,.153,89.8,20.3,7.1,
Seabold, Connor,657756,2023,27,1,7,6.95,.267,.477,.348,.331,.210,89.7,17.1,10.6,
Ohtani, Shohei,660271,2023,28,9,5,3.43,.206,.375,.304,.306,.169,86.8,11.3,10.4,
McClanahan, Shane,663556,2023,26,11,1,3.00,.235,.393,.307,.305,.157,89.5,11.4,9.6,
Sandoval, Patrick,663776,2023,26,6,7,4.13,.258,.385,.319,.337,.127,86.8,7,6.6,
Singer, Brady,663903,2023,26,6,8,5.46,.278,.448,.345,.343,.170,91.7,9.5,8.4,
Gonsolin, Tony,664062,2023,29,5,4,4.25,.252,.441,.338,.337,.189,89.1,15.6,8.9,
Valdez, Framber,664285,2023,29,8,7,3.29,.249,.397,.313,.308,.148,91.9,4,8.2,
Javier, Cristian,664299,2023,26,7,2,4.33,.235,.454,.327,.304,.220,88.9,23.7,10.2,
Kremer, Dean,665152,2023,27,10,4,4.66,.278,.494,.357,.335,.216,90.5,13.7,10,
Medina, Luis,665622,2023,24,3,8,5.35,.236,.396,.318,.324,.160,89.7,11.9,6.4,
Garrett, Braxton,666129,2023,25,5,3,4.08,.272,.452,.331,.313,.180,91.1,7.4,9.7,
Luzardo, Jesus,666200,2023,25,8,5,3.38,.228,.393,.298,.288,.165,90.1,13.4,10.1,
Manoah, Alek,666201,2023,25,2,8,5.87,.272,.479,.383,.394,.207,89.8,17,9.6,
Wentz, Joey,666214,2023,25,2,9,6.37,.274,.487,.358,.341,.213,90.1,16.1,10.6,
Gallen, Zac,668678,2023,27,11,5,3.36,.247,.412,.305,.288,.166,91.2,13.8,9.1,
Ashcraft, Graham,668933,2023,25,6,7,5.31,.280,.428,.350,.360,.148,88.9,7.8,6.3,
Gore, MacKenzie,669022,2023,24,6,8,4.42,.264,.455,.347,.340,.191,89.9,13.5,11.2,
Nelson, Ryne,669194,2023,25,6,5,4.97,.267,.469,.344,.320,.202,91.2,15.5,10.8,
Burnes, Corbin,669203,2023,28,9,6,3.46,.219,.335,.283,.295,.116,86.1,10.9,5.7,
Gilbert, Logan,669302,2023,26,9,5,3.83,.244,.405,.296,.278,.161,90.3,12.8,9.2,
Wells, Tyler,669330,2023,28,7,6,3.80,.224,.453,.318,.287,.229,89.3,20.9,12.1,
Bieber, Shane,669456,2023,28,5,6,3.77,.284,.447,.340,.335,.164,91.4,9.7,8.1,
Kirby, George,669923,2023,25,9,8,3.49,.261,.426,.306,.283,.166,89,12.7,8.2,
Oviedo, Johan,670912,2023,25,4,11,4.60,.250,.415,.330,.333,.165,89,9.7,8.2,
Allen, Logan,671106,2023,24,4,4,3.70,.260,.434,.330,.322,.174,89.1,12.6,9.3,
Bradley, Taj,671737,2023,22,5,7,5.67,.248,.429,.323,.311,.181,91.3,17.4,9.8,
Detmers, Reid,672282,2023,23,2,8,4.35,.247,.380,.314,.328,.133,90.2,17.3,5.4,
Senga, Kodai,673540,2023,30,7,5,3.17,.214,.334,.294,.315,.120,88.2,12.6,5.4,
Henry, Tommy,674072,2023,25,5,4,4.15,.247,.408,.321,.324,.162,87.9,16.8,7.6,
Strider, Spencer,675911,2023,24,11,3,3.73,.203,.355,.275,.271,.151,88.9,18.1,10,
Bibee, Tanner,676440,2023,24,7,2,3.11,.224,.357,.290,.296,.133,88.5,16.3,6.1,
Sears, JP,676664,2023,27,2,7,4.09,.240,.464,.330,.300,.224,88.4,24.2,12.3,
Bello, Brayan,678394,2023,24,7,6,3.66,.242,.414,.313,.300,.173,89.5,5.9,7.9,
Gray, Josiah,680686,2023,25,7,8,3.27,.246,.404,.327,.336,.157,87.3,15.3,7.4,
Bradish, Kyle,680694,2023,26,6,6,3.29,.254,.411,.315,.310,.158,90.4,7.8,7.4,
Waldichuk, Ken,686610,2023,25,2,6,6.38,.244,.431,.344,.349,.187,89,14.1,7.4,
Brown, Hunter,686613,2023,24,7,7,4.12,.240,.381,.309,.313,.141,90.5,5.6,8.8,
Elder, Bryce,693821,2023,24,8,2,3.18,.253,.386,.311,.317,.133,90,7.8,5.7,